deskripsi,luas_tanah(m2),luas_bangunan(m2),jumlah_kamar,jumlah_WC,harga
"Rumah baru lantai 1 di Jalan Kargo Permai , Denpasar , BaliLT: 115 ,LB: 110 ,KT: 3 ,KM: 2 ,Rp. 1.55 miliar",115,110,3,2,1550000000.0
"Rumah minimalis di ayani utara denpasarLT: 80 ,LB: 50 ,KT: 3 ,KM: 1 ,Rp. 560 juta",80,50,3,1,560000000.0
"Rumah murah di Denpasar , Ubung Kaja , CokroaminotoLT: 100 ,LB: 37 ,KT: 2 ,KM: 1 ,Rp. 850 juta",100,37,2,1,850000000.0
"MODERN PRESTIGE HOUSE! Perumahan Bali Arum Denpasar non furnished SIAP HUNILT: 300 ,LB: 228 ,KT: 3 ,KM: 3 ,Rp. 3.1 miliar",300,228,3,3,3100000000.0
"Rumah Denpasar Bali Lingkungan Elit Full FurnishLT: 600 ,LB: 650 ,KT: 5 ,KM: 5 ,Rp. 16.5 miliar",600,650,5,5,16500000000.0
"Rumah Baru Minimalis,Cantik, Menawan Di Denpasar BaratLT: 192 ,LB: 150 ,KT: 4 ,KM: 4 ,Rp. 2.25 miliar",192,150,4,4,2250000000.0
"Rumah cantik di Dekat Stikom DenpasarLT: 204 ,LB: 257 ,KT: 6 ,KM: 2 ,Rp. 2.75 miliar",204,257,6,2,2750000000.0
"Rumah tua pool hitung tanah harga nett di sekar tunjung, gatsu timur - kota denpasarLT: 275 ,LB: 225 ,KT: 3 ,KM: 4 ,Rp. 1.8 miliar",275,225,3,4,1800000000.0
"Rumah Di Sekar Jepun Gatot Subroto Timur Denpasar Bali Dekat Ke Sanur BaliLT: 105 ,LB: 150 ,KT: 4 ,KM: 3 ,Rp. 1.75 miliar",105,150,4,3,1750000000.0
"Rumah Di jln Pure Demak  Denpasar Dkt Ke imam Bonjol ,Kuta BaliLT: 125 ,LB: 160 ,KT: 4 ,KM: 3 ,Rp. 1.9 miliar",125,160,4,3,1900000000.0
"Type Emerald, Rose Garden Residences tinggal 4 unit, Sesetan,denpasar,baliLT: 119 ,LB: 230 ,KT: 3 ,KM: 3 ,Rp. 2.85 miliar",119,230,3,3,2850000000.0
"Rumah minimalis di Buluh Indah Denpasar Barat( LT 417m2 )LT: 417 ,LB: 200 ,KT: 5 ,KM: 4 ,Rp. 3 miliar",417,200,5,4,3000000000.0
"Perumahan Citraland Denpasar Security 24 Jam/Water Park/Pusat PerbelanjaanLT: 171 ,LB: 216 ,KT: 4 ,KM: 4 ,Rp. 3.7 miliar",171,216,4,4,3700000000.0
"Rumah lux cluster tengah kota denpasar GREEN IMPERIAL ResidenceLT: 240 ,LB: 200 ,KT: 4 ,KM: 3 ,Rp. 2.99 miliar",240,200,4,3,2990000000.0
"Dijual Rumah mewah full furnish SHM Club House One Gate Sistem Denpasar Renon BaliLT: 140 ,LB: 145 ,KT: 3 ,KM: 3 ,Rp. 2.7 miliar",140,145,3,3,2700000000.0
"Rumah Cantik dilingkungan Elite Seputaran Renon DenpasarLT: 565 ,LB: 390 ,KT: 6 ,KM: 3 ,Rp. 9 miliar",565,390,6,3,9000000000.0
"Rumah Minimalis cantik dan terawat di sesetan Denpasar SelatanLT: 187 ,LB: 170 ,KT: 4 ,KM: 3 ,Rp. 2.8 miliar",187,170,4,3,2800000000.0
"Rumah Baru Gress Pinggir Jalan Utama Anyelir DenpasarLT: 133 ,KT: 3 ,KM: 3 ,Rp. 2.4 miliar",187,170,4,3,2800000000.0
"Rumah Mungil Nan Cantik di Tukad Balian Renon DenpasarLT: 117 ,KT: 3 ,KM: 2 ,Rp. 2.3 miliar",187,170,4,3,2800000000.0
"Rumah Style Villa Exotic di belakang Kampus Unud DenpasarLT: 550 ,LB: 600 ,KT: 3 ,KM: 3 ,Rp. 6.5 miliar",550,600,3,3,6500000000.0
"House For Sale, Griya Anyar Main Road Badung Denpasar Bali Near Sunset RoadLT: 1111 ,LB: 500 ,KT: 18 ,KM: 18 ,Rp. 17.8 miliar",1111,500,18,18,17800000000.0
"Rumah minimalis di Tukad Barito - Renon DenpasarLT: 180 ,LB: 160 ,KT: 3 ,KM: 4 ,Rp. 2.9 miliar",180,160,3,4,2900000000.0
"Rumah lantai 2 + Pool  Gudang Gatsu Timur Denpasar # Mahendradata UbungLT: 240 ,LB: 180 ,KT: 3 ,KM: 3 ,Rp. 2.75 miliar",240,180,3,3,2750000000.0
"A1 rumah denpasar Murah bisa KreditLT: 85 ,LB: 45 ,KT: 2 ,KM: 1 ,Rp. 785 juta",85,45,2,1,785000000.0
"Rumah di kawasan elit Renon Denpasar, lebar muka 16 meter !LT: 300 ,LB: 230 ,KT: 4 ,KM: 4 ,Rp. 3.29 miliar",300,230,4,4,3290000000.0
"Jual Rumah di Denpasar BaliLT: 98 ,LB: 70 ,KT: 3 ,KM: 2 ,Rp. 1.25 miliar",98,70,3,2,1250000000.0
"Rumah Murah dekat menuju kota DenpasarLT: 70 ,LB: 45 ,KT: 2 ,KM: 1 ,Rp. 655 juta",70,45,2,1,655000000.0
"Rumah Murah Denpasar Bisa KPRLT: 100 ,LB: 45 ,KT: 2 ,KM: 1 ,Rp. 775 juta",100,45,2,1,775000000.0
"Dijual Rumah Murah Denpasar Minimalis EleganLT: 83 ,LB: 45 ,KT: 2 ,KM: 1 ,Rp. 785 juta",83,45,2,1,785000000.0
"Rumah Baru Minimalis  Jalan Tangkuban Perahu Tegal buah  denpasarLT: 100 ,LB: 60 ,KT: 3 ,KM: 2 ,Rp. 890 juta",100,60,3,2,890000000.0
"Rumah Bagus Dijual di DenpasarLT: 300 ,LB: 400 ,KT: 3 ,KM: 3 ,Rp. 5.8 miliar",300,400,3,3,5800000000.0
"Rumah  Lantai 2 Jl Tukad Badung Renon Denpasar Dkt Ke Sidakarya,SanurLT: 120 ,LB: 110 ,KT: 3 ,KM: 3 ,Rp. 1.35 miliar",120,110,3,3,1350000000.0
"Rumah citraland denpasar full furnishedLT: 171 ,LB: 218 ,KT: 4 ,KM: 4 ,Rp. 3.5 miliar",171,218,4,4,3500000000.0
"Rumah Baru Minimalis Mewah dan Menawan di Imam Bonjol DenpasarLT: 130 ,LB: 175 ,KT: 3 ,KM: 4 ,Rp. 2.45 miliar",130,175,3,4,2450000000.0
"Rumah lt 2 di kawasan Marlboro, Teuku Umar barat, denpasarLT: 100 ,LB: 132 ,KT: 3 ,KM: 3 ,Rp. 1.2 miliar",100,132,3,3,1200000000.0
"Dijual Rumah di Bali Denpasar dkt Sanur,Renon,Tol dan pelabuhan BenoaLT: 305 ,LB: 300 ,KT: 4 ,KM: 3 ,Rp. 5 miliar",305,300,4,3,5000000000.0
"Rumah di Batuyang,Batubulan Gianyar dkt Gatsu DenpasarLT: 173 ,LB: 120 ,KT: 4 ,KM: 2 ,Rp. 900 juta",173,120,4,2,900000000.0
"Rumah One Gate Security Tukad Batanghari Area Panjer Renon Denpasar BaliLT: 250 ,LB: 275 ,KT: 4 ,KM: 4 ,Rp. 3 miliar",250,275,4,4,3000000000.0
"Rumah Besar Luas Dan Mewah Design India Di Gatot Subroto Denpasar BaliLT: 1336 ,LB: 900 ,KT: 10 ,KM: 10 ,Rp. 14 miliar",1336,900,10,10,14000000000.0
"Rumah Mewah Teras Ayung Denpasar # Teuku Umar Gatsu renonLT: 756 ,LB: 600 ,KT: 5 ,KM: 5 ,Rp. 12 miliar",756,600,5,5,12000000000.0
"Rumah Murah Dekat Menuju Kota DenpasarLT: 100 ,LB: 45 ,KT: 2 ,KM: 1 ,Rp. 775 juta",100,45,2,1,775000000.0
"Rumah Murah Denpasar Siulan Dekat menuju BandaraLT: 70 ,LB: 45 ,KT: 2 ,KM: 1 ,Rp. 655 juta",70,45,2,1,655000000.0
"Dijual Rumah Inden Murah Denpasar PenatihLT: 85 ,LB: 45 ,KT: 2 ,KM: 1 ,Rp. 785 juta",85,45,2,1,785000000.0
"Rumah Di Jalan Tukad Citarum Renon Denpasar Dkt Sesetan,SanurLT: 129 ,LB: 110 ,KT: 3 ,KM: 3 ,Rp. 1.6 miliar",129,110,3,3,1600000000.0
"Dijual Rumah Mewah Jalan Garut 1 Tengah Denpasar BaliLT: 600 ,LB: 750 ,KT: 6 ,KM: 7 ,Rp. 12 miliar",600,750,6,7,12000000000.0
"Rumah mewah di denpasar bali 10 menit ke kutaLT: 430 ,LB: 350 ,KT: 4 ,KM: 4 ,Rp. 9 miliar",430,350,4,4,9000000000.0
"Jual Rumah Baru Shm di Wirasatya DenpasarLT: 170 ,LB: 152 ,KT: 4 ,KM: 3 ,Rp. 1.9 miliar",170,152,4,3,1900000000.0
"Dijual rumah ciung wanara sumerta kelod denpasar, bali (0000576)LT: 670 ,LB: 900 ,KT: 5 ,KM: 5 ,Rp. 11 miliar",670,900,5,5,11000000000.0
"Dijual Rumah Mewah Cluster Elite CItraLand Denpasar BaliLT: 171 ,LB: 218 ,KT: 4 ,KM: 4 ,Rp. 3.7 miliar",171,218,4,4,3700000000.0
"Rumah Lantai 2 Dekat Rumah Sakit Balimed Denpasar BaratLT: 125 ,LB: 250 ,KT: 4 ,KM: 2 ,Rp. 2.3 miliar",125,250,4,2,2300000000.0
"Rumah Elite, Megah dan mewah di Drupadi denpasarLT: 400 ,LB: 600 ,KT: 4 ,KM: 3 ,Rp. 7.5 miliar",400,600,4,3,7500000000.0
"Rumah Lantai 2 di Jalan Jayagiri Renon DenpasarLT: 200 ,LB: 289 ,KT: 3 ,KM: 6 ,Rp. 3.7 miliar",200,289,3,6,3700000000.0
"Rumah style Bali Jalan Ratna DenpasarLT: 400 ,LB: 250 ,KT: 6 ,KM: 7 ,Rp. 2 miliar",400,250,6,7,2000000000.0
"Rumah Besar Luas Dan Mewah Di Renon Denpasar Dkat Ke Teuku Umar Atau SanurLT: 404 ,LB: 400 ,KT: 5 ,KM: 6 ,Rp. 8.5 miliar",404,400,5,6,8500000000.0
"Rumah Tukad Badung Renon Full Furnish Kawasan Rumah Mewah Denpasar SelatanLT: 200 ,LB: 240 ,KT: 5 ,KM: 3 ,Rp. 2.5 miliar",200,240,5,3,2500000000.0
"Rumah Luas 10 Are Dijual Di Renon Kota Denpasar Dekat Sanur, Kuta 30 MenitLT: 1000 ,LB: 600 ,KT: 4 ,KM: 4 ,Rp. 12 miliar",1000,600,4,4,12000000000.0
"Rumah Mewah Style Villa Full Furnished, Sunset Road Bali-DenpasarLT: 600 ,LB: 650 ,KT: 5 ,KM: 5 ,Rp. 16.95 miliar",600,650,5,5,16950000000.0
"Peromo Rumah Siulan Denpasar BaliLT: 100 ,LB: 45 ,KT: 2 ,KM: 1 ,Rp. 775 juta",100,45,2,1,775000000.0
"Jual butuh rumah kawasan penamparan, gatsu barat - denpasarLT: 222 ,LB: 160 ,KT: 6 ,KM: 2 ,Rp. 1.59 miliar",222,160,6,2,1590000000.0
"Rumah lux ada kolam renang di kawasan sekar tunjung, gatsu timur - DenpasarLT: 275 ,LB: 225 ,KT: 4 ,KM: 4 ,Rp. 1.99 miliar",275,225,4,4,1990000000.0
"Jual rumah cantik 2 lantai di cluster jl bungtomo, ubung denpasar - BALILT: 115 ,LB: 125 ,KT: 4 ,KM: 3 ,Rp. 1.44 miliar",115,125,4,3,1440000000.0
"Jual rumah modern cantik di gatsu barat, dekat jl cokroaminoto denpasarLT: 200 ,LB: 300 ,KT: 5 ,KM: 5 ,Rp. 1.47 miliar",200,300,5,5,1470000000.0
"Dijual rumah tukad badung renon denpasar, bali (0001011)LT: 315 ,LB: 300 ,KT: 4 ,KM: 3 ,Rp. 3.5 miliar",315,300,4,3,3500000000.0
"Prime Location,Only 20 Unit,The Luxury TownhousePacific [email protected] DenpasarLT: 119 ,LB: 230 ,KT: 3 ,KM: 3 ,Rp. 2.85 miliar",119,230,3,3,2850000000.0
"Dijual rumah imam bonjol pesona wisata denpasar, bali (0001010)LT: 166 ,LB: 180 ,KT: 2 ,KM: 2 ,Rp. 2.7 miliar",166,180,2,2,2700000000.0
"rumah cantik minimalist jln batanta pamogan denpasar selatanLT: 55 ,LB: 64 ,KT: 2 ,KM: 2 ,Rp. 725 juta",55,64,2,2,725000000.0
"rumah baru sesetan denpasar selatanLT: 69 ,LB: 40 ,KT: 2 ,KM: 1 ,Rp. 650 juta",69,40,2,1,650000000.0
"rumah cantik minimalist jln gurita sesetan denpasar selatanLT: 51 ,LB: 55 ,KT: 2 ,KM: 2 ,Rp. 695 juta",51,55,2,2,695000000.0
"rumah cantik minimalist jln trengguli denpasar timurLT: 51 ,LB: 50 ,KT: 2 ,KM: 2 ,Rp. 535 juta",51,50,2,2,535000000.0
"Dijual Rumah furnished 5 kamar tidur di Pedungan Denpasar Bali dkt SanurLT: 150 ,LB: 150 ,KT: 5 ,KM: 2 ,Rp. 1.5 miliar",150,150,5,2,1500000000.0
"Dijual Rumah Baru 2 Lantai Di Sasih Batubulan Perbatasan Kota DenpasarLT: 100 ,LB: 120 ,KT: 3 ,KM: 3 ,Rp. 1 miliar",100,120,3,3,1000000000.0
"Rumah Citraland Denpasar Perumahan Elite Dan Mewah Security 24 Jam AktifLT: 128 ,LB: 148 ,KT: 3 ,KM: 3 ,Rp. 2.6 miliar",128,148,3,3,2600000000.0
"Rumah Mewah Denpasar Dekat Lapangan Renon, Kantor Gubernur, Gereja KatedralLT: 550 ,LB: 450 ,KT: 5 ,KM: 5 ,Rp. 8.5 miliar",550,450,5,5,8500000000.0
"Rumah Minimalis Modern di komplek Green Imperial, Pusat Kota Denpasar, BaliLT: 235 ,LB: 200 ,KT: 4 ,KM: 4 ,Rp. 3 miliar",235,200,4,4,3000000000.0
"Sale : Dijual Rumah Elit di Kawasan Elit Renon,Jl.Badak Agung-DenpasarLT: 860 ,LB: 680 ,KT: 6 ,KM: 6 ,Rp. 12 miliar",860,680,6,6,12000000000.0
"Rumah Kawasan Sanur Kauh jl Tukad Nyali denpasarLT: 400 ,LB: 350 ,KT: 6 ,KM: 3 ,Rp. 2.9 miliar",400,350,6,3,2900000000.0
"Rumah Baru Di Jln Patih Nambi Ubung A Yani Denpasar Dkt Puspem BadungLT: 80 ,LB: 48 ,KT: 2 ,KM: 1 ,Rp. 600 juta",80,48,2,1,600000000.0
"Rumah Murah Di Batubulan Batuyang Dkt Ke Denpasar,By Pas Ktetwel,Sanur BaliLT: 50 ,LB: 40 ,KT: 2 ,KM: 1 ,Rp. 450 juta",50,40,2,1,450000000.0
"Rumah Murah Berkualitas Di Batubulan Dkt Denpasar,Sanur BaliLT: 75 ,LB: 50 ,KT: 3 ,KM: 1 ,Rp. 615 juta",75,50,3,1,615000000.0
"Rumah Di Batuyang Batubulan Utara Terminal Dkt Ke Denpasar,Gatsu,Sanur BaliLT: 60 ,LB: 110 ,KT: 3 ,KM: 2 ,Rp. 690 juta",60,110,3,2,690000000.0
"Rumah Murah Di Celuk Batubulan Dkt Ke DenpasarLT: 50 ,LB: 36 ,KT: 2 ,KM: 1 ,Rp. 370 juta",50,36,2,1,370000000.0
"Rumah Baru Minimalis Lokasi Di Jln Sumandang   Batubulan Dekat Ke Denpasar,LT: 82 ,LB: 50 ,KT: 3 ,KM: 2 ,Rp. 660 juta",82,50,3,2,660000000.0
"Jual rumah pemogan Denpasar lt 105 m2LT: 105 ,LB: 80 ,KT: 3 ,KM: 2 ,Rp. 850 juta",105,80,3,2,850000000.0
"rumah minimalis jl Pulau Moyo / Sesetan Dekat Pintu Toll DenpasarLT: 148 ,LB: 200 ,KT: 4 ,KM: 5 ,Rp. 1.8 miliar",148,200,4,5,1800000000.0
"Rumah baru type 60/100 dapat view sawah di jl Tangkuban Perahu Denpasar BalLT: 100 ,LB: 60 ,KT: 3 ,KM: 1 ,Rp. 890 juta",100,60,3,1,890000000.0
"Rumah baru di penamparan deket mitra 10 Gatsu Barat DenpasarLT: 90 ,LB: 55 ,KT: 3 ,KM: 1 ,Rp. 790 juta",90,55,3,1,790000000.0
"Rumah view saw type 60/100 di Tegal Buah Jln Tangkuban Parahu Denpasar BaliLT: 100 ,LB: 60 ,KT: 3 ,KM: 2 ,Rp. 850 juta",100,60,3,2,850000000.0
"Dijual Rumah baru modern minimalis di pusat Renon Denpasar dkt Sanur,UNUDLT: 170 ,LB: 131 ,KT: 3 ,KM: 3 ,Rp. 2.85 miliar",170,131,3,3,2850000000.0
"Dijual Tanah dan Gedung di Bali,Denpasar dkt Gatot subroto,by pass sanurLT: 49950 ,LB: 900 ,KT: 3 ,KM: 3 ,Rp. 90 miliar",49950,900,3,3,90000000000.0
"Rumah 1 Lantai Ada Kolam Renang Di Sanur Denpasar Dekat Renon Dan SidakaryaLT: 150 ,LB: 100 ,KT: 2 ,KM: 2 ,Rp. 1.9 miliar",150,100,2,2,1900000000.0
"Rumah Baru Di Batubulan Dekat Jalan Raya Dan 5 Menit Ke Kota DenpasarLT: 100 ,LB: 70 ,KT: 3 ,KM: 2 ,Rp. 800 juta",100,70,3,2,800000000.0
"Rumah Lingkungan Cluster Di Tukad Balian Renon Denpasar SelatanLT: 101 ,LB: 110 ,KT: 3 ,KM: 3 ,Rp. 1.35 miliar",101,110,3,3,1350000000.0
"Rumah Baru Style Villa Lantai 2 Di Pariwisata Sanur Kota Denpasar dkt RenonLT: 105 ,LB: 120 ,KT: 4 ,KM: 3 ,Rp. 1.5 miliar",105,120,4,3,1500000000.0
"rumah kawasan elite Citraland jl Cargo Permai dkt Gatsu denpasarLT: 171 ,LB: 218 ,KT: 4 ,KM: 4 ,Rp. 3.6 miliar",171,218,4,4,3600000000.0
"Jual Butuh ! Rumah bisa usaha di Jl bedahulu - gatsu tengah, denpasarLT: 240 ,LB: 200 ,KT: 4 ,KM: 4 ,Rp. 2.2 miliar",240,200,4,4,2200000000.0
"Rumah 2 Lantai Sesetan Denpasar Selatan BaliLT: 80 ,LB: 165 ,KT: 3 ,KM: 1 ,Rp. 1.45 miliar",80,165,3,1,1450000000.0
"Dijual rumah stil minimalis di area renon jln tukad jinah denpasar selatanLT: 204 ,LB: 257 ,KT: 6 ,KM: 2 ,Rp. 2.75 miliar",204,257,6,2,2750000000.0
"Dijual rumah stil minimalis full furnish di area tukad badung denpasarLT: 120 ,LB: 100 ,KT: 3 ,KM: 3 ,Rp. 1.6 miliar",120,100,3,3,1600000000.0
"Rumah Mewah Di Citraland Denpasar BaliLT: 171 ,LB: 218 ,KT: 4 ,KM: 4 ,Rp. 3.6 miliar",171,218,4,4,3600000000.0
"Rumah Second jalan Palapa Denpasar SelatanLT: 100 ,LB: 70 ,KT: 3 ,KM: 1 ,Rp. 650 juta",100,70,3,1,650000000.0
"Rumah dengan kolam renang jalan jayagiri denpasar BaliLT: 200 ,LB: 289 ,KT: 3 ,KM: 6 ,Rp. 3.4 miliar",200,289,3,6,3400000000.0
"Rumah mewah Tukad badung denpasar baliLT: 390 ,LB: 250 ,KT: 4 ,KM: 5 ,Rp. 4.8 miliar",390,250,4,5,4800000000.0
"Rumah 2 Lantai Full Furnish jalan Tukad pakerisan Denpasar BaliLT: 140 ,LB: 185 ,KT: 4 ,KM: 3 ,Rp. 2.9 miliar",140,185,4,3,2900000000.0
"Rumah 2 Lantai Penamparan Belakang indosat gatsu barat DenpasarLT: 130 ,LB: 200 ,KT: 3 ,KM: 2 ,Rp. 1.9 miliar",130,200,3,2,1900000000.0
"Rumah @ Lantai Siap Huni Kerta Dalem DenpasarLT: 110 ,LB: 90 ,KT: 5 ,KM: 6 ,Rp. 975 juta",110,90,5,6,975000000.0
"Rumah 225m2 jalan gunung catur gtsu barat denpasarLT: 225 ,LB: 180 ,KT: 4 ,KM: 2 ,Rp. 1.7 miliar",225,180,4,2,1700000000.0
"Rumah 2 lantai tukad pancoran denpasar baliLT: 84 ,LB: 110 ,KT: 3 ,KM: 2 ,Rp. 1 miliar",84,110,3,2,1000000000.0
"Rumah 154m2 Gatsu barat dekat KFC dan Mcd denpasarLT: 154 ,LB: 100 ,KT: 4 ,KM: 1 ,Rp. 1.2 miliar",154,100,4,1,1200000000.0
"Rumah 2 lantai jalan tukad pancoran denpasarLT: 84 ,LB: 110 ,KT: 3 ,KM: 2 ,Rp. 960 juta",84,110,3,2,960000000.0
"Rumah 200m2 jalan jayagiri denpasarLT: 200 ,LB: 289 ,KT: 3 ,KM: 6 ,Rp. 3.4 miliar",200,289,3,6,3400000000.0
"Rumah 2 lantai jalan sekar tunjung Denpasar timurLT: 100 ,LB: 170 ,KT: 4 ,KM: 3 ,Rp. 1.5 miliar",100,170,4,3,1500000000.0
"Rumah minimalis ada taman,buana raya denpasarLT: 200 ,LB: 250 ,KT: 4 ,KM: 2 ,Rp. 2.5 miliar",200,250,4,2,2500000000.0
"Dijual Rumah cantik di Renon Denpasar.LT: 150 ,LB: 175 ,KT: 3 ,KM: 2 ,Rp. 85 juta",150,175,3,2,85000000.0
"Rumah Mewah Di Citraland Jln Cargo  Gatsu Barat Denpasar BaliLT: 171 ,LB: 218 ,KT: 4 ,KM: 4 ,Rp. 3.6 miliar",171,218,4,4,3600000000.0
"Rumah mekar pemogan denpasar selatan bali dkt sesetan sidekarya baliLT: 105 ,LB: 80 ,KT: 3 ,KM: 1 ,Rp. 850 juta",105,80,3,1,850000000.0
"Rumah pemogan, mekar, kepaon Indah Denpasar Selatan baliRp. 850 juta",105,80,3,1,850000000.0
"Rumah di teuku umar, dekat pusat kota denpasar / sanglah / marlboro / renonLT: 176 ,LB: 260 ,KT: 4 ,KM: 3 ,Rp. 5.15 miliar",176,260,4,3,5150000000.0
"Hunian cluster di citraland,dekat mahendradata / gatsu / denpasarLT: 122 ,LB: 125 ,KT: 3 ,KM: 3 ,Rp. 2.05 miliar",122,125,3,3,2049999999.9999998
"Rumah Di Imam Bonjol Denpasar Dekat Ke Sunset Road, Legian, Kuta, SeminyakLT: 200 ,LB: 270 ,KT: 4 ,KM: 4 ,Rp. 3.5 miliar",200,270,4,4,3500000000.0
"Rumah Baru Halaman Luas Renon Denpasar Dekat Ke Sanglah, Sanur, Teuku UmarLT: 510 ,LB: 400 ,KT: 6 ,KM: 6 ,Rp. 7 miliar",510,400,6,6,7000000000.0
"Rumah baru siap huni di penamparan gatsu barat padang sambian denpasar baliLT: 90 ,LB: 60 ,KT: 2 ,KM: 1 ,Rp. 785 juta",90,60,2,1,785000000.0
"Rumah nyaman pinggir jalan raya denpasar - gilimanuk jembrana baliLT: 600 ,LB: 200 ,KT: 3 ,KM: 3 ,Rp. 1.2 miliar",600,200,3,3,1200000000.0
"Rumah minimalis dekat kampus warmadewa denpasarLT: 142 ,LB: 200 ,KT: 4 ,KM: 3 ,Rp. 2.5 miliar",142,200,4,3,2500000000.0
"Rumah Cantik Baru Gress Di patih nambi ubung /A yani Denpasar UtaraLT: 80 ,LB: 48 ,KT: 2 ,KM: 1 ,Rp. 600 juta",80,48,2,1,600000000.0
"Sale : Dijual Rumah Di Kawasan Elit Renon, Jl.Tukad Citarum - DenpasarLT: 766 ,LB: 199 ,KT: 5 ,KM: 4 ,Rp. 5.5 miliar",766,199,5,4,5500000000.0
"Dijual Rumah di Sidakarya Denpasar Selatan dkt Sanur,Renon,Benoa,By PasLT: 130 ,LB: 100 ,KT: 2 ,KM: 2 ,Rp. 1.7 miliar",130,100,2,2,1700000000.0
"Butuh Terjual Segera Tanah di jalan Tukad Badung Timur DenpasarLT: 540 ,Rp. 3.78 miliar",130,100,2,2,1700000000.0
"Rumah baru lantai 2 di moh yamin / laksamana renon denpasarLT: 229 ,LB: 260 ,KT: 3 ,KM: 4 ,Rp. 4.8 miliar",229,260,3,4,4800000000.0
"Dijual Rumah dan toko dlm kota Denpasar bisa utk tempat tinggal dan usahaLT: 200 ,LB: 226 ,KT: 5 ,KM: 3 ,Rp. 2.5 miliar",200,226,5,3,2500000000.0
"Dijual Rumah di Teras Ayung Denpasar,lingkungan ElitLT: 660 ,LB: 500 ,KT: 8 ,KM: 7 ,Rp. 13.5 miliar",660,500,8,7,13500000000.0
"Citra Land Denpasar BaliLT: 128 ,LB: 148 ,KT: 3 ,KM: 2 ,Rp. 2.9 miliar",128,148,3,2,2900000000.0
"Rumah Baru Di Batubulan Dekat Kota Denpasar, Gatsu, Noja, Supratman, SanurLT: 100 ,LB: 70 ,KT: 3 ,KM: 2 ,Rp. 800 juta",100,70,3,2,800000000.0
"Rumah Baru Di Kota Denpasar Jln Kebo Iwa Selatan 25 Menit Ke Renon, SanurLT: 190 ,LB: 140 ,KT: 4 ,KM: 4 ,Rp. 2.3 miliar",190,140,4,4,2300000000.0
"Rumah lantai 2 di pengiyasan Sanur,dkt Sidakarya,bypass,Denpasar selatanLT: 150 ,LB: 150 ,KT: 4 ,KM: 3 ,Rp. 1.5 miliar",150,150,4,3,1500000000.0
"Sale : Dijual Murah Rumah di Jl. Utama Jaya Giri, Renon - DenpasarLT: 136 ,LB: 180 ,KT: 3 ,KM: 2 ,Rp. 1.8 miliar",136,180,3,2,1800000000.0
"Dijual Rumah one gate system di Denpasar Bali dkt Gatsu,MahendrdradataLT: 252 ,LB: 349 ,KT: 3 ,KM: 3 ,Rp. 6.5 miliar",252,349,3,3,6500000000.0
"Dijual Rumah semi furnish dipusat kota Denpasar BaliLT: 176 ,LB: 260 ,KT: 4 ,KM: 3 ,Rp. 3.48 miliar",176,260,4,3,3480000000.0
"Dijual Rumah 4 kamar tidur di jl.Gatot Subroto Denpasar BaliLT: 168 ,LB: 99 ,KT: 4 ,KM: 3 ,Rp. 1.65 miliar",168,99,4,3,1650000000.0
"Rumah Mewah renon # Sanur Sanglah Teuku Umar Gatsu Kuta DenpasarLT: 900 ,LB: 1200 ,KT: 5 ,KM: 6 ,Rp. 12.5 miliar",900,1200,5,6,12500000000.0
"Rumah mewah Gatsu Barat Dkt Kerobokan Mahendradata Cokroaminoto Ubung renon denpasarLT: 1336 ,LB: 900 ,KT: 10 ,KM: 10 ,Rp. 14 miliar",1336,900,10,10,14000000000.0
"Rumah baru dan murah di Denpasar , Ubung kaja , BaliLT: 80 ,LB: 37 ,KT: 2 ,KM: 1 ,Rp. 740 juta",80,37,2,1,740000000.0
"Sunset Road Griya Anyar Denpasar Rumah Besar MURAH BU CepatLT: 1111 ,LB: 500 ,KT: 18 ,KM: 18 ,Rp. 15.5 miliar",1111,500,18,18,15500000000.0
"Dijual rumah daerah Renon ( daerah elit )  Denpasar - BaliLT: 390 ,LB: 240 ,KT: 4 ,KM: 4 ,Rp. 4.6 miliar",390,240,4,4,4600000000.0
"Rumah di gatsu barat DenpasarLT: 104 ,LB: 145 ,KT: 3 ,KM: 3 ,Rp. 1.4 miliar",104,145,3,3,1400000000.0
"Jual Rumah, Gym, Restaurant; Tukad Musi, Renon, Denpasar, Bali, KutaLT: 1735 ,LB: 949 ,KT: 6 ,KM: 6 ,Rp. 19 miliar",1735,949,6,6,19000000000.0
"Rumah lantai 2 dikawasan tegal wangi sesetan denpasar selatanLT: 360 ,LB: 450 ,KT: 6 ,KM: 5 ,Rp. 3.5 miliar",360,450,6,5,3500000000.0
"Dijual rumah jln 8 mtr di belakang indosat mitra 10 Gatsu Barat DenpasarLT: 300 ,LB: 279 ,KT: 4 ,KM: 4 ,Rp. 2.6 miliar",300,279,4,4,2600000000.0
"Dijuala Rumah di Bali,Denpasar 7 Kamar TidurLT: 400 ,LB: 300 ,KT: 7 ,KM: 5 ,Rp. 3.7 miliar",400,300,7,5,3700000000.0
"rumah lt 2 lokasi nangka utara denpasar bali lingkungan eliteLT: 110 ,LB: 150 ,KT: 4 ,KM: 3 ,Rp. 1.4 miliar",110,150,4,3,1400000000.0
"Jual Rumah Denpasar MURAH Raya Griya Anyar Dkt Sunset Road Kuta BU CepatLT: 1111 ,LB: 500 ,KT: 18 ,KM: 18 ,Rp. 15.5 miliar",1111,500,18,18,15500000000.0
"Dijual Cepat Rumah Mewah Puri Batanghari DenpasarLT: 200 ,LB: 140 ,KT: 5 ,KM: 5 ,Rp. 2.7 miliar",200,140,5,5,2700000000.0
"Dijual rumah lantai 1 kebun dan parkir luas jl menuri denpasarLT: 345 ,LB: 180 ,KT: 3 ,KM: 3 ,Rp. 2.42 miliar",345,180,3,3,2420000000.0
"Rumah baru inden type 60/125 view sawah di jl Tangkuban Perahu DenpasarLT: 125 ,LB: 60 ,KT: 3 ,KM: 2 ,Rp. 975 juta",125,60,3,2,975000000.0
"Rumah baru exklusif security aktif 24 jam di denpasar selatanLT: 119 ,LB: 230 ,KT: 3 ,KM: 3 ,Rp. 3 miliar",119,230,3,3,3000000000.0
"Dijual Rumah di Citraland Denpasar BaliLT: 133 ,LB: 180 ,KT: 4 ,KM: 3 ,Rp. 2.9 miliar",133,180,4,3,2900000000.0
"Dijual Cepat Rumah Tinggal @ Renon Top Location In Denpasar BaliLT: 100 ,LB: 116 ,KT: 3 ,KM: 3 ,Rp. 1.9 miliar",100,116,3,3,1900000000.0
"Rumah minimalis bersih monang maning denpasarLT: 78 ,LB: 86 ,KT: 3 ,KM: 2 ,Rp. 875 juta",78,86,3,2,875000000.0
"Rumah Minimalis Lokasi Di Pemogan Denpasar Dekat Ke By Pass,Tol,Kuta BaliLT: 100 ,LB: 60 ,KT: 3 ,KM: 2 ,Rp. 900 juta",100,60,3,2,900000000.0
"Rumah lantai 2 di lingkungan cluster tukad badung renon denpasarLT: 300 ,LB: 250 ,KT: 3 ,KM: 3 ,Rp. 5.5 miliar",300,250,3,3,5500000000.0
"Rumah Siap huni jalan trenggana penatih denpasarLT: 100 ,LB: 45 ,KT: 2 ,KM: 1 ,Rp. 700 juta",100,45,2,1,700000000.0
"Rumah baru minimalis Jalan Akasia denpasarLT: 102 ,LB: 50 ,KT: 2 ,KM: 1 ,Rp. 800 juta",102,50,2,1,800000000.0
"Rumah Baru 2 Lantai Jalan Ahmad Yani Utara DenpasarLT: 61 ,LB: 70 ,KT: 3 ,KM: 2 ,Rp. 665 juta",61,70,3,2,665000000.0
"Rumah Di Jln Buana Raya Denpasar Dkt  Gunung Talang,Mahendradata,Kuta BaliLT: 200 ,LB: 185 ,KT: 4 ,KM: 4 ,Rp. 2.5 miliar",200,185,4,4,2500000000.0
"Rumah Cluster Jln Kerta Lestari Suwung Sanur DenpasarLT: 150 ,LB: 160 ,KT: 3 ,KM: 3 ,Rp. 2.2 miliar",150,160,3,3,2200000000.0
"Rumah murah 3 are. 1,6 M di denpasarLT: 300 ,LB: 300 ,KT: 6 ,KM: 5 ,Rp. 1.6 miliar",300,300,6,5,1600000000.0
"Rumah di Penamparan Gatsu Barat - DenpasarLT: 130 ,LB: 200 ,KT: 3 ,KM: 2 ,Rp. 1.9 miliar",130,200,3,2,1900000000.0
"Kost elite di Pura Demak Teuku umar Barat DenpasarLT: 407 ,KT: 11 ,KM: 11 ,Rp. 5 miliar",130,200,3,2,1900000000.0
"jual rumah 4 kamar dekat warmadewa denpasar, dewi nmadri renonLT: 120 ,Rp. 750 juta",130,200,3,2,1900000000.0
"Dijual Rumah di jl.Pulau Moyo Denpasar Bali dkt Sesetan,Sanur,KutaLT: 100 ,LB: 120 ,KT: 3 ,KM: 4 ,Rp. 1.3 miliar",100,120,3,4,1300000000.0
"Kaswari River Side Villa DenpasarLT: 178 ,LB: 100 ,KT: 3 ,KM: 2 ,Rp. 1.7 miliar",178,100,3,2,1700000000.0
"Rumah mewah nyaman di denpasar bali, 10 menit ke kutaLT: 430 ,LB: 350 ,KT: 4 ,KM: 4 ,Rp. 9 miliar",430,350,4,4,9000000000.0
"Rumah Jln Tukad Badung Renon Denpasar Bali Dekat Ke Sidakarya,Sesetan,SanurLT: 319 ,LB: 280 ,KT: 4 ,KM: 3 ,Rp. 3.2 miliar",319,280,4,3,3200000000.0
"Rumah bypass mahendradatta denpasar strategisLT: 190 ,LB: 90 ,KT: 3 ,KM: 2 ,Rp. 2.7 miliar",190,90,3,2,2700000000.0
"Rumah Minimalis 2 Lantai Dijua Di Tukad Badung Renon Pusat Kota DenpasarLT: 150 ,LB: 160 ,KT: 3 ,KM: 3 ,Rp. 2.4 miliar",150,160,3,3,2400000000.0
"Rumah baru 2 Lantai Jalan tunjung sari Gatsu barat denpasarLT: 104 ,LB: 140 ,KT: 4 ,KM: 3 ,Rp. 1.3 miliar",104,140,4,3,1300000000.0
"Rumah Kos Lokasi Ekslusive DenpasarLT: 850 ,LB: 245 ,KT: 14 ,KM: 6 ,Rp. 4.08 miliar",850,245,14,6,4080000000.0
"Rumah minimalis dekat teuku umar barat denpasarLT: 200 ,LB: 250 ,KT: 2 ,KM: 2 ,Rp. 1.5 miliar",200,250,2,2,1500000000.0
"Rumah Renon DenpasarLT: 131 ,LB: 200 ,KT: 3 ,KM: 4 ,Rp. 3.9 miliar",131,200,3,4,3900000000.0
"Rumah Minimalis Modern strategis di Denpasar BaliLT: 115 ,LB: 106 ,KT: 3 ,KM: 2 ,Rp. 50 juta",115,106,3,2,50000000.0
"Rumah minimalis modern diJalan Cokroaminoto , Ubung kaja ,Denpasar , Bali.LT: 80 ,LB: 37 ,KT: 2 ,KM: 1 ,Rp. 750 juta",80,37,2,1,750000000.0
"Rumah dijalan Irawan , Denpasar Utara , BaliLT: 80 ,LB: 37 ,KT: 2 ,KM: 1 ,Rp. 850 juta",80,37,2,1,850000000.0
"Rumah Di Jl Mahendradata Denpasar Dkt Ke Kuta BaliLT: 50 ,LB: 55 ,KT: 2 ,KM: 2 ,Rp. 650 juta",50,55,2,2,650000000.0
"Rumah 2 Lantai Jalan Pulau Belitung Denpasar SelatanLT: 111 ,LB: 140 ,KT: 4 ,KM: 4 ,Rp. 1.5 miliar",111,140,4,4,1500000000.0
"Rumah Baru 2 lantai Jalan tunjung sari denpasar baliLT: 104 ,LB: 140 ,KT: 3 ,KM: 3 ,Rp. 1.3 miliar",104,140,3,3,1300000000.0
"Rumah 250m2 style Villa Kerta dalem Sidakarya DenpasarLT: 250 ,LB: 350 ,KT: 5 ,KM: 4 ,Rp. 3 miliar",250,350,5,4,3000000000.0
"Rumah 2 Lantai Cenigan Sari Sesetan DenpasarLT: 80 ,LB: 140 ,KT: 3 ,KM: 2 ,Rp. 800 juta",80,140,3,2,800000000.0
"Rumah baru Gatsu tengah denpasar baliLT: 100 ,LB: 60 ,KT: 3 ,KM: 1 ,Rp. 550 juta",100,60,3,1,550000000.0
"Rumah Baru jalan trenggana penatih denpasarLT: 100 ,LB: 45 ,KT: 2 ,KM: 1 ,Rp. 650 juta",100,45,2,1,650000000.0
"Rumah Jl. Raya Sesetan Denpasar BaliLT: 180 ,LB: 150 ,KT: 4 ,KM: 2 ,Rp. 1.8 miliar",180,150,4,2,1800000000.0
"Rumah Baru Murah Di Batuyang Batubulan Gianyar Bali Dkt Denpasar Sanur Gatsu TohpatiLT: 100 ,LB: 65 ,KT: 3 ,KM: 2 ,Rp. 750 juta",100,65,3,2,750000000.0
"Di Jual Rumah 2 Lantai Siap Huni di Renon Denpasar BaliLT: 101 ,LB: 140 ,KT: 3 ,KM: 2 ,Rp. 2.1 miliar",101,140,3,2,2100000000.0
"Rumah dan Gudang 10 Are di Denpasar, BaliLT: 1000 ,LB: 600 ,KT: 5 ,KM: 5 ,",101,140,3,2,2100000000.0
"Rumah  Di Jln Green Kori Denpasar Dkt Ke Cokro,Gatsu,Sading,PuspemLT: 120 ,LB: 50 ,KT: 3 ,KM: 1 ,Rp. 695 juta",120,50,3,1,695000000.0
"Rumah Baru Minimalis Lokasi Di Batubulan Dekat Ke Denpasar,Penatih,SanurLT: 179 ,LB: 50 ,KT: 3 ,KM: 1 ,Rp. 750 juta",179,50,3,1,750000000.0
"Rumah Di Jln Ida Bagus Japa Penatih Denpasar Dkt Ke Jln Siulan,Gatsu TimurLT: 70 ,LB: 36 ,KT: 2 ,KM: 1 ,Rp. 550 juta",70,36,2,1,550000000.0
"Jual Rumah semi furnish di pura demak bisa akses mobil, kota denpasar baratLT: 100 ,LB: 80 ,KT: 3 ,KM: 2 ,Rp. 1.09 miliar",100,80,3,2,1090000000.0
"Rumah Mewah !! STRATEGIS dan MURAH!!! di Jl. Pulau Moyo, Denpasar.LT: 300 ,LB: 252 ,KT: 4 ,KM: 4 ,Rp. 4.5 miliar",300,252,4,4,4500000000.0
"Rumah  Di Jalan  Kebo Iwa Utara, Denpasar,Dkt Gatsu,Kerobokan,PuspemLT: 100 ,LB: 70 ,KT: 4 ,KM: 2 ,Rp. 720 juta",100,70,4,2,720000000.0
"Jual Cepat Rugi Rumah Kost di Pamogan Denpasar Selatan ShmLT: 150 ,LB: 160 ,KT: 10 ,KM: 10 ,Rp. 950 juta",150,160,10,10,950000000.0
"Rumah Mewah Full Furnish Dijual Di Denpasar BaliLT: 490 ,LB: 160 ,KT: 2 ,KM: 2 ,Rp. 7.5 miliar",490,160,2,2,7500000000.0
"Rumah Lantai 2 Di Batubulan Dkt Ke Denpasar,Garsu Timur,Penatih,Sanur BaliLT: 75 ,LB: 104 ,KT: 4 ,KM: 2 ,Rp. 775 juta",75,104,4,2,775000000.0
"Rumah Di Gianyar Pering Dkat By Pass Ib Mantra,Dkt Ke Sanur Denpasar BaliLT: 355 ,LB: 100 ,KT: 3 ,KM: 2 ,Rp. 1.5 miliar",355,100,3,2,1500000000.0
"Rumah Di Jl Kertha Petasikan Sidakarya Denpasar Dkt Ke Sesetan,Renon SanurLT: 500 ,LB: 264 ,KT: 4 ,KM: 3 ,Rp. 3.6 miliar",500,264,4,3,3600000000.0
"Rumah minimalis lantai 1 di jalan Ratna denpasarLT: 100 ,LB: 70 ,KT: 2 ,KM: 2 ,Rp. 900 juta",100,70,2,2,900000000.0
"Rumah Second Style Bali Pusat Kota DenpasarLT: 225 ,LB: 150 ,KT: 3 ,KM: 2 ,Rp. 1.4 miliar",225,150,3,2,1400000000.0
"Rumah Lantai 2 Di Batubulan Dkt Ke Denpasar,Garsu Timur,Penatih,Sanur BaliLT: 100 ,LB: 120 ,KT: 4 ,KM: 2 ,Rp. 1.1 miliar",100,120,4,2,1100000000.0
"Rumah Lokasi Di Ayani Utara Denpasar Dekat Ke Taman Lumintang,Ke PuspemLT: 80 ,LB: 50 ,KT: 3 ,KM: 1 ,Rp. 560 juta",80,50,3,1,560000000.0
"rumah minimalis jl Gurita / sesetan dkt pulau moyo , sanglah , Tol DenpasarLT: 100 ,LB: 120 ,KT: 3 ,KM: 2 ,Rp. 1.25 miliar",100,120,3,2,1250000000.0
"Rumah jual pusat kota denpasar ( PTU )LT: 85 ,LB: 85 ,KT: 2 ,KM: 1 ,Rp. 960 juta",85,85,2,1,960000000.0
"Jual cepat murah !! Rumah cluster cantik di kebo iwa, kota denpasar baliLT: 108 ,LB: 125 ,KT: 4 ,KM: 3 ,Rp. 1.3 miliar",108,125,4,3,1300000000.0
"Dijual rumah payana padang udayana padangsambian denpasar, bali (0001081)LT: 141 ,LB: 150 ,KT: 3 ,KM: 2 ,Rp. 2 miliar",141,150,3,2,2000000000.0
"MURAH rumah lantai 2 Noja Gatsu timur denpasar # sekar tunjung nangka suliLT: 256 ,LB: 250 ,KT: 4 ,KM: 4 ,Rp. 3 miliar",256,250,4,4,3000000000.0
"Rumah Lantai 2 di Perumahan One Gate System lokasi Tohpati, Denpasar TimurLT: 115 ,LB: 100 ,KT: 3 ,KM: 2 ,Rp. 1.15 miliar",115,100,3,2,1150000000.0
"Town house Gatsu barat , jln keboiwa utara DenpasarLT: 125 ,LB: 150 ,KT: 4 ,KM: 2 ,Rp. 1.5 miliar",125,150,4,2,1500000000.0
"Rumah Baru Lantai 2 Jalan Tukad Petanu Sidakarya DenpasarLT: 100 ,LB: 160 ,KT: 3 ,KM: 3 ,Rp. 1.5 miliar",100,160,3,3,1500000000.0
"Rumah 150m2 Jalan Buluh indah denpasarLT: 150 ,LB: 100 ,KT: 3 ,KM: 2 ,Rp. 1.1 miliar",150,100,3,2,1100000000.0
"Rumah siap huni Jalan Kerta Dalem Sidakarya DenpasarLT: 98 ,LB: 60 ,KT: 3 ,KM: 1 ,Rp. 750 juta",98,60,3,1,750000000.0
"Rumah kebo iwa utara denpasarLT: 100 ,LB: 60 ,KT: 2 ,KM: 1 ,Rp. 650 juta",100,60,2,1,650000000.0
"Rumah 225m2 tukad citarum denpasar baliLT: 225 ,LB: 160 ,KT: 5 ,KM: 4 ,Rp. 2.25 miliar",225,160,5,4,2250000000.0
"Rumah style villa halaman luas renon denpasarLT: 600 ,LB: 400 ,KT: 5 ,KM: 4 ,Rp. 7 miliar",600,400,5,4,7000000000.0
"DI JUAL RUMAH MEGAH Lokasi  jalan subur Monang maning denpasar baliLT: 200 ,LB: 200 ,KT: 4 ,KM: 3 ,Rp. 1.55 miliar",200,200,4,3,1550000000.0
"Jual Rumah di DenpasarLT: 100 ,LB: 182 ,KT: 4 ,KM: 3 ,Rp. 975 juta",100,182,4,3,975000000.0
"Rumah di denpasar barat, dkt monang maning / padang sambian / marlboroLT: 213 ,LB: 150 ,KT: 4 ,KM: 3 ,Rp. 2.7 miliar",213,150,4,3,2700000000.0
"Rumah Lokasi  Di Pedungan Pemogan Denpasar Dk Ke Tol Bali,By Pas Sanur,kutaLT: 160 ,LB: 130 ,KT: 3 ,KM: 2 ,Rp. 1.25 miliar",160,130,3,2,1250000000.0
"Rumah Bagus Di Jln Subur Monang Maning Dkt imam Bonjol Denpasar BaliLT: 200 ,LB: 200 ,KT: 4 ,KM: 3 ,Rp. 1.55 miliar",200,200,4,3,1550000000.0
"Rumah Murah Di Jl. Antasura,Ahmad Yani Utara Nangka Denpasar BaliLT: 70 ,LB: 42 ,KT: 2 ,KM: 1 ,Rp. 575 juta",70,42,2,1,575000000.0
"Rumah Di Siulan Denpasar Timur,Dekat Ke Gatsu,Batubulan,Sanur BaliLT: 250 ,LB: 125 ,KT: 5 ,KM: 3 ,Rp. 1.5 miliar",250,125,5,3,1500000000.0
"Rumah mewah di Gatsu timur penatih,dkt ke Ubud,batu bulan,denpasarLT: 500 ,LB: 300 ,KT: 4 ,KM: 4 ,Rp. 7 miliar",500,300,4,4,7000000000.0
"Rumah minimalis lantai 1 di dukuh sari pedungan sesetan denpasarLT: 136 ,LB: 95 ,KT: 2 ,KM: 1 ,Rp. 1.15 miliar",136,95,2,1,1150000000.0
"rumah mewah garden city town house kbo iwa denpasar baliLT: 110 ,LB: 122 ,KT: 4 ,KM: 2 ,Rp. 1.55 miliar",110,122,4,2,1550000000.0
"rumah baru uma dukuh sari sesetan denpasarLT: 69 ,LB: 40 ,KT: 2 ,KM: 1 ,Rp. 650 juta",69,40,2,1,650000000.0
"Rumah siap huni Gatsu tengah denpasar baliLT: 100 ,LB: 60 ,KT: 3 ,KM: 1 ,Rp. 650 juta",100,60,3,1,650000000.0
"rumah style Bali lantai 3 jln Pakisaji akasia Hayam Wuruk DenpasarLT: 175 ,LB: 240 ,KT: 6 ,KM: 4 ,Rp. 1.5 miliar",175,240,6,4,1500000000.0
Tanah Kavling Strategis Tangkuban Perahu DenpasarRp. 750 juta,175,240,6,4,1500000000.0
"Rumah Cantik Minimalis Di Tohpati Denpasar Timur.Dekat Ke Gatsu Timur SanurLT: 150 ,LB: 100 ,KT: 3 ,KM: 2 ,Rp. 1.1 miliar",150,100,3,2,1100000000.0
"Rumah Di Jln Padang Griya Denpasar Dkt Ke Seminyak Kuta BaliLT: 100 ,LB: 60 ,KT: 2 ,KM: 1 ,Rp. 950 juta",100,60,2,1,950000000.0
"Rumah baru hanya 3unit deket spbu jl buluh indah DenpasarLT: 90 ,LB: 55 ,KT: 3 ,KM: 1 ,Rp. 820 juta",90,55,3,1,820000000.0
"Rumah  di Palapa panjer denpasar selatan baliLT: 300 ,LB: 400 ,KT: 4 ,KM: 4 ,Rp. 2.8 miliar",300,400,4,4,2800000000.0
"Dijual rumah di komplek perumahan one gate syatem Denpasar BaliLT: 115 ,KT: 3 ,KM: 2 ,Rp. 1.15 miliar",300,400,4,4,2800000000.0
"Rumah Lantai 2 style Modern Minimalis area Gatsu Barat, DenpasarLT: 191 ,LB: 120 ,KT: 5 ,KM: 4 ,Rp. 2.4 miliar",191,120,5,4,2400000000.0
"Rumah Siap Huni Lokasi Sidekarya denpasar selatan baliLT: 108 ,LB: 80 ,KT: 2 ,KM: 1 ,Rp. 850 juta",108,80,2,1,850000000.0
"Rumah 2 Lantai Jalan tukad citarum denpasarLT: 113 ,LB: 120 ,KT: 3 ,KM: 2 ,Rp. 1.6 miliar",113,120,3,2,1600000000.0
"Di jual rumah lantai 1 di perumahan Grahadi Buluh Indah Denpasar BaliLT: 93 ,LB: 55 ,KT: 2 ,KM: 1 ,Rp. 700 juta",93,55,2,1,700000000.0
"Rumah Style Bali  Di Jln Akasia Hayam Wuruk Denpasar Dkt Ke Renon,Sanur BalLT: 175 ,LB: 240 ,KT: 6 ,KM: 4 ,Rp. 1.5 miliar",175,240,6,4,1500000000.0
"dijual rumah dekat jalan utama sesetan denpasar baliLT: 200 ,LB: 150 ,KT: 6 ,KM: 2 ,Rp. 1.99 miliar",200,150,6,2,1990000000.0
"Dijual rumah 2 lantai minimalis di jl pulau galang denpasar,imam bonjolLT: 195 ,LB: 145 ,KT: 5 ,KM: 4 ,Rp. 3 miliar",195,145,5,4,3000000000.0
"Rumah semi Villa di Padangsambian, Denpasar, Bali Dkt Ke Muding,KerobokanLT: 260 ,LB: 400 ,KT: 6 ,KM: 4 ,Rp. 1.9 miliar",260,400,6,4,1900000000.0
"Rumah jalan Kusuma Dewa - Bungtomo , Denpasar BaratLT: 450 ,LB: 200 ,KT: 4 ,KM: 4 ,Rp. 2.15 miliar",450,200,4,4,2150000000.0
"Rumah style villa di area tukad badung , Renon Denpasar ( luas 125m2 )LT: 125 ,LB: 180 ,KT: 3 ,KM: 3 ,Rp. 2.6 miliar",125,180,3,3,2600000000.0
"Rumah Cantik Lt 2 Kawasan elite one gate system Antasura DenpasarLT: 110 ,LB: 120 ,KT: 3 ,KM: 3 ,Rp. 1.5 miliar",110,120,3,3,1500000000.0
"Rumah Cantik Jalan Batas Dukuh Sari Sesetan Denpasar Dkt Sanglah,Teuku UmarLT: 136 ,LB: 85 ,KT: 2 ,KM: 1 ,Rp. 1.15 miliar",136,85,2,1,1150000000.0
"Rumah Baru 2lantai Jln Kebo Iwa Selatan Gatsu Barat  Denpasar BaratLT: 192 ,LB: 150 ,KT: 4 ,KM: 4 ,Rp. 2.25 miliar",192,150,4,4,2250000000.0
"Rumah pulau galang denpasarLT: 117 ,LB: 200 ,KT: 4 ,KM: 4 ,Rp. 3 miliar",117,200,4,4,3000000000.0
"Rumah Mewah Cluster Citraland Denpasar Dekat Ubung, Gatsu, Kerobokan KutaLT: 252 ,LB: 349 ,KT: 5 ,KM: 4 ,Rp. 6.5 miliar",252,349,5,4,6500000000.0
"Rumah Minimalis Lantai 2 Di Gatsu Tengah Subak Dalem Denpasar BaliLT: 78 ,LB: 80 ,KT: 3 ,KM: 2 ,Rp. 825 juta",78,80,3,2,825000000.0
"Rumah DI gunung Catur Gatsu Barat Denpasar Dekat Ke Muding,Dalung,KerobokanLT: 190 ,LB: 165 ,KT: 3 ,KM: 3 ,Rp. 1.9 miliar",190,165,3,3,1900000000.0
"Rumah Di Cekomaria Denpasar Dekat Ke Gatsu,Trengguli,Sanur,DllLT: 150 ,LB: 100 ,KT: 3 ,KM: 2 ,Rp. 950 juta",150,100,3,2,950000000.0
"Rumah lantai 2 di kawasan elite teras ayung gatot subroto timur denpasarLT: 560 ,LB: 364 ,KT: 5 ,KM: 4 ,Rp. 9 miliar",560,364,5,4,9000000000.0
"Rumah di kebo iwa selatan dkt kfc mcd gatsu,muding buana raya denpasar baliLT: 192 ,LB: 150 ,KT: 4 ,KM: 4 ,Rp. 2.4 miliar",192,150,4,4,2400000000.0
"Rumah Baru Minimalis Lantai 2 Di Sasih Batubulan Dkt Denpasar,Sanur BaliLT: 70 ,LB: 60 ,KT: 3 ,KM: 2 ,Rp. 580 juta",70,60,3,2,580000000.0
"Dijual rumah 3 kamar tidur di denpasarLT: 229 ,LB: 140 ,KT: 4 ,KM: 3 ,Rp. 2.5 miliar",229,140,4,3,2500000000.0
"Rumah Lantai 2 di Tukad Musi Renon Denpasar ( LT 200m2 )LT: 200 ,LB: 200 ,KT: 3 ,KM: 3 ,Rp. 3.7 miliar",200,200,3,3,3700000000.0
"Rumah Greenlot Residence Bali Denpasar Minimalis Strategis BaruLT: 100 ,LB: 70 ,KT: 3 ,KM: 2 ,Rp. 1.3 miliar",100,70,3,2,1300000000.0
"Rumah di kawasan Elit Denpasar Timur, BaliLT: 100 ,LB: 180 ,KT: 4 ,KM: 3 ,Rp. 1.5 miliar",100,180,4,3,1500000000.0
"Rumah Lantai 2 Di Bedahulu Gatsu Tengah  denpasar Dkt Taman KotaLT: 150 ,LB: 180 ,KT: 3 ,KM: 2 ,Rp. 1.5 miliar",150,180,3,2,1500000000.0
"rumah 50 mtr dr jl Gn Rinjani dkt imam bonjol , Mahendradata , denpasarLT: 200 ,LB: 153 ,KT: 3 ,KM: 3 ,Rp. 2.3 miliar",200,153,3,3,2300000000.0
"Rumah dlm Perumahan Elite  CitraLand / Cargo Permai Denpasar BaliLT: 112 ,LB: 100 ,KT: 3 ,KM: 2 ,Rp. 2.25 miliar",112,100,3,2,2250000000.0
"Rumah di pusat kota denpasar jl raya puputan dkt sanglah sanurLT: 250 ,LB: 300 ,KT: 4 ,KM: 4 ,Rp. 5 miliar",250,300,4,4,5000000000.0
"Rumah style villa di kawasan kerta dalem sidakarya denpasar selatanLT: 150 ,LB: 150 ,KT: 3 ,KM: 3 ,Rp. 1.9 miliar",150,150,3,3,1900000000.0
"Rumah BARU Minimalis 1are Pemogan Denpasar SelatanLT: 100 ,LB: 185 ,KT: 4 ,KM: 2 ,Rp. 1.3 juta",100,185,4,2,1300000.0
"Rumah 13 kamar - jl. Ken arok, denpasarLT: 850 ,LB: 246 ,KT: 13 ,KM: 6 ,Rp. 550 juta",850,246,13,6,550000000.0
"Murah rumah lantai 2 citraland denpasarLT: 112 ,LB: 127 ,KT: 3 ,KM: 3 ,Rp. 2.25 miliar",112,127,3,3,2250000000.0
"Rumah mewah full furnished citraland denpasar baliLT: 171 ,LB: 191 ,KT: 4 ,KM: 5 ,Rp. 3.9 miliar",171,191,4,5,3900000000.0
"PROMO 5 UNIT RUMAH Murah tipe 50/56 DI TENGAH KOTA DenpasarLT: 56 ,LB: 50 ,KT: 2 ,KM: 2 ,Rp. 699 juta",56,50,2,2,699000000.0
"Di tengah kota denpasar dekat ke seaetan PROMO 5 UNIT lagi rumah murahLT: 56 ,LB: 50 ,KT: 2 ,KM: 2 ,Rp. 699 juta",56,50,2,2,699000000.0
"Tanah bangunan Murah di denpasar baliLT: 600 ,KT: 4 ,KM: 4 ,Rp. 3.3 miliar",56,50,2,2,699000000.0
Miliki segera rumah diamond @ Pacific rose residence .di denpasar hub : 081283116885Rp. 2.85 miliar,56,50,2,2,699000000.0
"Tanah dan rumah 100 meter dari kantor walikota denpasar - baliLT: 1038 ,LB: 500 ,KT: 9 ,KM: 3 ,Rp. 12.5 miliar",1038,500,9,3,12500000000.0
"Rumah minimalis di karangsari - denpasar baratLT: 104 ,LB: 80 ,KT: 3 ,KM: 3 ,Rp. 1.7 miliar",104,80,3,3,1700000000.0
"Tanda jadi 10jt Rumah murah di tengah kota denpasarLT: 56 ,LB: 50 ,KT: 2 ,KM: 2 ,Rp. 699 juta",56,50,2,2,699000000.0
"HARGA 699jt Rumah murah di tengah kota denpasarLT: 56 ,LB: 50 ,KT: 2 ,KM: 2 ,Rp. 699 juta",56,50,2,2,699000000.0
"699jt Rumah murah di tengah kota denpasar tanda jadi 10jtLT: 56 ,LB: 50 ,KT: 2 ,KM: 2 ,Rp. 699 juta",56,50,2,2,699000000.0
"HARGA CUMAN Rp 699t Rumah murah di tengah kota denpasarLT: 56 ,LB: 50 ,KT: 2 ,KM: 2 ,Rp. 699 juta",56,50,2,2,699000000.0
"Rumah murah di tengah kota denpasar HARGA 699jtLT: 56 ,LB: 50 ,KT: 2 ,KM: 2 ,Rp. 699 juta",56,50,2,2,699000000.0
"ANGSURAN Rp 3.7JT\'AN - 4JT\'AN rumah murah di tengah kota denpasarLT: 56 ,LB: 50 ,KT: 2 ,KM: 2 ,Rp. 699 juta",56,50,2,2,699000000.0
"Dijual rumah pulau adi dauh puri kauh denpasar, bali (0000851)LT: 300 ,LB: 257 ,KT: 5 ,KM: 4 ,Rp. 2.8 miliar",300,257,5,4,2800000000.0
"Di jual rumah lantai II di Muding Gatsu Barat Denpasar BaliLT: 140 ,LB: 140 ,KT: 2 ,KM: 2 ,Rp. 2 miliar",140,140,2,2,2000000000.0
"Rumah minimalis di cargo deket citra land Denpasar BaliLT: 100 ,LB: 75 ,KT: 3 ,KM: 1 ,Rp. 875 juta",100,75,3,1,875000000.0
"Rumah Cluster Citraland Denpasar full furnished # Gatsu Renon Mahendradata ubung CargLT: 171 ,LB: 216 ,KT: 4 ,KM: 4 ,Rp. 3.8 miliar",171,216,4,4,3800000000.0
"Rumah minimalis kawasan bisnis teuku umar denpasarLT: 100 ,LB: 150 ,KT: 3 ,KM: 3 ,Rp. 2 miliar",100,150,3,3,2000000000.0
"Rumah dekat jalan utama  gatot subroto barat denpasarLT: 154 ,LB: 100 ,KT: 4 ,KM: 1 ,Rp. 1.1 miliar",154,100,4,1,1100000000.0
"Rumah kost halaman luas harga miring denpasarLT: 200 ,LB: 100 ,KT: 5 ,KM: 5 ,Rp. 1.4 miliar",200,100,5,5,1400000000.0
"Rumah pinggir jalan cocok untuk bisnis gatsu barat denpasarLT: 280 ,LB: 200 ,KT: 6 ,KM: 3 ,Rp. 3 miliar",280,200,6,3,3000000000.0
"Rumah Besar Dan Mewah Jalan Tukad Barito Panjer Denpasar BaliLT: 1120 ,LB: 750 ,KT: 7 ,KM: 5 ,Rp. 8 miliar",1120,750,7,5,8000000000.0
"Rumah cantik 3 lantai di Rose Garden Sesetan,denpasar, A4LT: 119 ,LB: 230 ,KT: 3 ,KM: 3 ,Rp. 2.85 miliar",119,230,3,3,2850000000.0
"Rumah cantik 3 lantai di Rose Garden Sesetan,denpasar, A5LT: 119 ,LB: 230 ,KT: 3 ,KM: 3 ,Rp. 2.85 miliar",119,230,3,3,2850000000.0
"Rumah suli denpasarLT: 177 ,LB: 190 ,KT: 4 ,KM: 2 ,Rp. 1.5 miliar",177,190,4,2,1500000000.0
"Rumah 2 lantai modern, mewah dan sangat kokoh dikawasan sanur, denpasar - BLT: 500 ,LB: 400 ,KT: 4 ,KM: 4 ,Rp. 6 miliar",500,400,4,4,6000000000.0
"Rumah Cantik Minimalis Siap Huni, Siulan Penatih, Denpasar Timur, BaliLT: 118 ,LB: 152 ,KT: 3 ,KM: 3 ,Rp. 1.05 miliar",118,152,3,3,1050000000.0
"Dijual / Disewakan Rumah Di Pusat Kota DenpasarLT: 106 ,LB: 155 ,KT: 3 ,KM: 3 ,Rp. 1.6 miliar",106,155,3,3,1600000000.0
"Dijual rumah moh. Yamin sumerta kelod denpasar, bali (0002069)LT: 350 ,LB: 288 ,KT: 4 ,KM: 4 ,Rp. 6.4 miliar",350,288,4,4,6400000000.0
"Dijual rumah palapa sesetan denpasar, bali (0000847)LT: 110 ,LB: 160 ,KT: 2 ,KM: 2 ,Rp. 1 miliar",110,160,2,2,1000000000.0
"Rumah Mewah Dan Asri Di Denpasar Buluh Indah / Gatsu Barat Cargo Ubung MahendradattaLT: 1420 ,LB: 700 ,KT: 5 ,KM: 6 ,Rp. 13 miliar",1420,700,5,6,13000000000.0
"Rumah lantai 1 di kawasan dukuh sari sesetan denpasar selatanLT: 100 ,LB: 50 ,KT: 3 ,KM: 2 ,Rp. 825 juta",100,50,3,2,825000000.0
"Rumah Elite Ada Pool Di Jln Teuku Umar Pusat Kota Denpasar Dkt Kuta BaliLT: 200 ,LB: 250 ,KT: 3 ,KM: 3 ,Rp. 2.8 miliar",200,250,3,3,2800000000.0
"Rumah baru lokasi di kompleks perumahan elit Teuku Umar, DenpasarLT: 200 ,LB: 250 ,KT: 3 ,KM: 3 ,Rp. 2.8 miliar",200,250,3,3,2800000000.0
"Rumah Di Jln  Tukad Petanu Denpasar Dkt Ke Sidakarya,Renon,Sesetan,SanurLT: 94 ,LB: 66 ,KT: 2 ,KM: 2 ,Rp. 975 juta",94,66,2,2,975000000.0
"Rumah Modern Nuansa Villa di DenpasarLT: 140 ,LB: 200 ,KT: 3 ,KM: 4 ,Rp. 2.3 miliar",140,200,3,4,2300000000.0
"Rumah 300m2 Kebo Iwa Utara Denpasar BaliLT: 300 ,LB: 150 ,KT: 3 ,KM: 2 ,Rp. 1.9 miliar",300,150,3,2,1900000000.0
"Rumah mewah Moh Yamin Renon Denpasar # Laksamana Merdeka Dewi Madri PuputanLT: 400 ,LB: 400 ,KT: 5 ,KM: 5 ,Rp. 4.5 miliar",400,400,5,5,4500000000.0
"Dijual rumah minimalis di Denpasar BaliLT: 200 ,LB: 170 ,KT: 2 ,KM: 3 ,Rp. 1.45 miliar",200,170,2,3,1450000000.0
"Rumah kawasan elite laksamana / moh yamin renon denpasar dkt hayam wurukLT: 350 ,LB: 250 ,KT: 4 ,KM: 4 ,Rp. 6.4 miliar",350,250,4,4,6400000000.0
"Dijual Rumah baru One Gate Sistem pusat kota Denpasar BaliLT: 140 ,LB: 130 ,KT: 4 ,KM: 4 ,Rp. 2.59 miliar",140,130,4,4,2590000000.0
"Rumah Baru Di Jalan Cargo Denpasar Dkt Gatsu Barat,Cokro,Puspem BadungLT: 75 ,LB: 40 ,KT: 2 ,KM: 1 ,Rp. 700 juta",75,40,2,1,700000000.0
"Rumah lantai 2 di pucuk bang kesiman kertalangu denpasar timurLT: 250 ,LB: 335 ,KT: 4 ,KM: 3 ,Rp. 2.2 miliar",250,335,4,3,2200000000.0
"Rumah baru di penamparan gatsu barat padang sambian denpasar baliLT: 90 ,LB: 60 ,KT: 3 ,KM: 1 ,Rp. 785 juta",90,60,3,1,785000000.0
"Rumah Dijual Cepat Harga Miring, Renon , Denpasar, Pusat kota BaliLT: 94 ,LB: 66 ,KT: 2 ,KM: 2 ,Rp. 900 juta",94,66,2,2,900000000.0
"Rumah minimalis Bagus dan murah, dimahendradata Denpasar barat baliLT: 200 ,LB: 139 ,KT: 4 ,KM: 3 ,Rp. 1.9 miliar",200,139,4,3,1900000000.0
"Rumah di teuku umar barat denpasar bali pusat kota dkt imam bonjol soputanLT: 87 ,LB: 160 ,KT: 4 ,KM: 4 ,Rp. 1.35 miliar",87,160,4,4,1350000000.0
"Rumah style villa di imam bonjol denpasar bali dkt kuta,sunset road,legianLT: 600 ,LB: 850 ,KT: 7 ,KM: 8 ,Rp. 13 miliar",600,850,7,8,13000000000.0
"Rumah ex Restaurant, SPA, dan GYM di Renon Denpasar BaliLT: 1735 ,LB: 949 ,KT: 5 ,KM: 3 ,Rp. 30 miliar",1735,949,5,3,30000000000.0
"Jln pulau singkep PEDUNGAN denpasar 925jtLT: 100 ,LB: 45 ,KT: 2 ,KM: 1 ,Rp. 925 juta",100,45,2,1,925000000.0
"Jln pulau singkep PEDUNGAN denpasar 925jtLT: 100 ,LB: 45 ,KT: 2 ,KM: 1 ,Rp. 925 juta",100,45,2,1,925000000.0
"Jln pulau singkep PEDUNGAN denpasar 925jtLT: 100 ,LB: 45 ,KT: 2 ,KM: 1 ,Rp. 925 juta",100,45,2,1,925000000.0
"Jln pulau singkep PEDUNGAN denpasar 925jtLT: 100 ,LB: 45 ,KT: 2 ,KM: 1 ,Rp. 925 juta",100,45,2,1,925000000.0
"Jln pulau singkep PEDUNGAN denpasar 925jtLT: 100 ,LB: 45 ,KT: 2 ,KM: 1 ,Rp. 925 juta",100,45,2,1,925000000.0
"Rumah lantai 2 di kawasan elite sekar tunjung denpasar timurLT: 100 ,LB: 180 ,KT: 4 ,KM: 3 ,Rp. 1.65 miliar",100,180,4,3,1650000000.0
"Jln pulau singkep PEDUNGAN denpasar 925jtLT: 100 ,LB: 45 ,KT: 2 ,KM: 1 ,Rp. 925 juta",100,45,2,1,925000000.0
"Jln pulau singkep PEDUNGAN denpasar 925jtLT: 100 ,LB: 45 ,KT: 2 ,KM: 1 ,Rp. 925 juta",100,45,2,1,925000000.0
"Jual rumah renon denpasar lt 130 m2LT: 130 ,LB: 120 ,KT: 3 ,KM: 4 ,Rp. 1.4 miliar",130,120,3,4,1400000000.0
"Jual rumah gatot subroto barat denpasar LT 170 m2LT: 170 ,LB: 250 ,KT: 4 ,KM: 3 ,Rp. 2.4 miliar",170,250,4,3,2400000000.0
"Rumah semi villa halaman luas dekat sentra bisnis gatot subroto denpasarLT: 400 ,LB: 250 ,KT: 4 ,KM: 4 ,Rp. 6.5 miliar",400,250,4,4,6500000000.0
"Jual rumah monang maning denpasar LT 124 m2LT: 124 ,LB: 120 ,KT: 3 ,KM: 3 ,Rp. 1.5 miliar",124,120,3,3,1500000000.0
"Di jual rumah minimalis lantai 2 Jalan Pakisaji Hayam wuruk denpasarLT: 180 ,LB: 150 ,KT: 3 ,KM: 3 ,Rp. 2.2 miliar",180,150,3,3,2200000000.0
"Dijual rumah mertasari sidakarya denpasar, bali (0002848)LT: 130 ,LB: 100 ,KT: 3 ,KM: 3 ,Rp. 1.5 miliar",130,100,3,3,1500000000.0
"Rumah mewah kawasan bisnis gatot subroto denpasarLT: 600 ,LB: 750 ,KT: 5 ,KM: 7 ,Rp. 12.5 miliar",600,750,5,7,12500000000.0
"Rumah Mewah Di Jl Kenyeri Gatsu Timur Denpasar Dekat Ke By Pass Sanur BaliLT: 250 ,LB: 180 ,KT: 5 ,KM: 4 ,Rp. 2.6 miliar",250,180,5,4,2600000000.0
"Rumah Mewah Minimalis Baru di Kerobokan Padangsambian Denpasar BaratLT: 190 ,LB: 150 ,KT: 3 ,KM: 3 ,Rp. 2.25 miliar",190,150,3,3,2250000000.0
"Rumah Lantai 2 Lokasi Gatot Subroto barat, Denpasar BaratLT: 170 ,LB: 250 ,KT: 5 ,KM: 5 ,Rp. 2.4 miliar",170,250,5,5,2400000000.0
"Rumah Tanah Luas 2 are Harga Murah Gatsu Denpasar BaratLT: 220 ,LB: 160 ,KT: 6 ,KM: 3 ,Rp. 1.6 miliar",220,160,6,3,1600000000.0
"Rumah lantai 2 di kawasan jl pulau saelus sesetan denpasar selatanLT: 111 ,LB: 120 ,KT: 4 ,KM: 3 ,Rp. 1.25 miliar",111,120,4,3,1250000000.0
"Rumah Lantai 1 Denpasar Luas Tanah 200 MÃÂ²LT: 200 ,LB: 126 ,KT: 3 ,KM: 2 ,Rp. 1.4 miliar",200,126,3,2,1400000000.0
"rumah minimalis di jl.Padang Sambian dkt mahendradata Gatsu Barat ,DenpasarLT: 100 ,LB: 120 ,KT: 3 ,KM: 4 ,Rp. 1.1 miliar",100,120,3,4,1100000000.0
"Rumah Di Denpasar Selatan Pemogan Dkt Kt Tol Bali,Kuta BaliLT: 80 ,LB: 48 ,KT: 2 ,KM: 1 ,Rp. 900 juta",80,48,2,1,900000000.0
"Dijual rumah di denpasar pulau galangLT: 117 ,LB: 200 ,KT: 4 ,KM: 4 ,Rp. 3 miliar",117,200,4,4,3000000000.0
"Rumah di Renon, Denpasar - BaliLT: 400 ,LB: 600 ,KT: 5 ,KM: 6 ,Rp. 8 miliar",400,600,5,6,8000000000.0
"Rumah Kamima Residence Di Ketewel Gianyar Bali Dkt Ke Denpasar,Sanur BaliLT: 80 ,LB: 50 ,KT: 3 ,KM: 1 ,Rp. 420 juta",80,50,3,1,420000000.0
"Rumah Mewah semi VIlla di kawasan elite Renon, DenpasarLT: 550 ,LB: 600 ,KT: 3 ,KM: 3 ,Rp. 6.5 miliar",550,600,3,3,6500000000.0
"Rumah Lantai 2 Tukad Batanghari Panjer denpasar # renon Barito SanglahLT: 120 ,LB: 170 ,KT: 5 ,KM: 5 ,Rp. 2.2 miliar",120,170,5,5,2200000000.0
"Dijual Rumah murah di patih nambi peguyangan Denpasar utaraLT: 127 ,LB: 50 ,KT: 2 ,KM: 1 ,Rp. 800 juta",127,50,2,1,800000000.0
"Rumah baru di tukad badung / tukad sungi renon dekat pusat kota denpasarLT: 174 ,LB: 160 ,KT: 3 ,KM: 4 ,Rp. 3.8 miliar",174,160,3,4,3800000000.0
"Rumah tukad petanu panjer denpasarLT: 130 ,LB: 80 ,KT: 3 ,KM: 2 ,Rp. 1.47 miliar",130,80,3,2,1470000000.0
"Rumah  Di Jalan Soka Kesiman Denpasar Timur,kt Wr Supratman,Sanur BaliLT: 100 ,LB: 60 ,KT: 3 ,KM: 2 ,Rp. 999 juta",100,60,3,2,999000000.0
"Rumah Jln Marlboro -  Teuku Umar Denpasar Dekat Ke Tran Studio Kuta BaliLT: 100 ,LB: 133 ,KT: 3 ,KM: 3 ,Rp. 1.1 miliar",100,133,3,3,1100000000.0
"Rumah Mewah Di Jln Jayagiri Renon Denpasar Dkt Ke Sanur BaliLT: 565 ,LB: 390 ,KT: 6 ,KM: 3 ,Rp. 9 miliar",565,390,6,3,9000000000.0
"Rumah Modern Minimalis Di Pemogan Denpasar SelatanLT: 97 ,LB: 60 ,KT: 2 ,KM: 3 ,Rp. 875 juta",97,60,2,3,875000000.0
"Rumah Mewah DiJalan Trenggana Denpasar Dkt Gatsu Timur,Sanur BaliLT: 250 ,LB: 300 ,KT: 4 ,KM: 3 ,Rp. 2.5 miliar",250,300,4,3,2500000000.0
"Dijual rumah sidakrya denpasarLT: 205 ,LB: 186 ,KT: 4 ,KM: 4 ,Rp. 2.7 miliar",205,186,4,4,2700000000.0
"Dijual Rumah Di Drupadi Renon DenpasarLT: 150 ,LB: 150 ,KT: 4 ,KM: 4 ,Rp. 2.9 miliar",150,150,4,4,2900000000.0
"Rumah Ada Kolam Renang Denpasar Selatan Dkat Panjer, Renon, Sanur, SesetanLT: 150 ,LB: 140 ,KT: 3 ,KM: 3 ,Rp. 1.9 miliar",150,140,3,3,1900000000.0
"Jual Rumah 2 Lantai Denpasar BaliLT: 110 ,LB: 180 ,KT: 2 ,KM: 2 ,Rp. 1.1 miliar",110,180,2,2,1100000000.0
"rumah mewah dan besar renon denpasarLT: 300 ,LB: 300 ,KT: 6 ,KM: 4 ,Rp. 2.1 miliar",300,300,6,4,2100000000.0
"Rumah Minimali Dua Lantai Di Jl Siulan / Penatih Denpasar TimurLT: 118 ,LB: 150 ,KT: 3 ,KM: 3 ,Rp. 1.1 miliar",118,150,3,3,1100000000.0
"Nyaman Strategis Murah Hitung Tanah Denpasar TimurLT: 150 ,LB: 100 ,KT: 3 ,KM: 2 ,Rp. 980 juta",150,100,3,2,980000000.0
"rumah mewah satu komplek,harga fantastik di tukad badung renon denpasarLT: 400 ,LB: 450 ,KT: 2 ,KM: 2 ,Rp. 5.5 miliar",400,450,2,2,5500000000.0
"Jual rumah inden denpasar barat LT 77 m2LT: 77 ,LB: 60 ,KT: 2 ,KM: 2 ,Rp. 975 miliar",77,60,2,2,975000000000.0
"Jual rumah minimalis penatih Denpasar timur LT 117 m2LT: 117 ,LB: 150 ,KT: 3 ,KM: 3 ,Rp. 1.25 miliar",117,150,3,3,1250000000.0
"Rumah Lantai 2 Imam Bonjol Security 24 Jam # Denpasar Teuku umar KutaLT: 200 ,LB: 170 ,KT: 3 ,KM: 3 ,Rp. 3.5 miliar",200,170,3,3,3500000000.0
"Dijual rumah kebo iwa utara padangsambian kaja denpasar (0002896)LT: 185 ,LB: 370 ,KT: 5 ,KM: 4 ,Rp. 1.6 miliar",185,370,5,4,1600000000.0
"Jual rumah dekat wayam wuruk denpasar LT 130 m2LT: 130 ,LB: 150 ,KT: 3 ,KM: 3 ,Rp. 2.5 miliar",130,150,3,3,2500000000.0
"Dijual rumah gatot subroto timur kesiman denpasar, bali (0000969)LT: 1387 ,LB: 1000 ,KT: 6 ,KM: 4 ,Rp. 17 miliar",1387,1000,6,4,17000000000.0
"Dijual Rumah Baru minimalis di Jl. Anyelir, Denpasar timurLT: 133 ,LB: 170 ,KT: 4 ,KM: 3 ,Rp. 2.4 miliar",133,170,4,3,2400000000.0
"Rumah 2 Lantai Di Lingkungan Nyaman Tukad Badung Renon DenpasarLT: 151 ,LB: 140 ,KT: 3 ,KM: 3 ,Rp. 2.5 miliar",151,140,3,3,2500000000.0
"Rumah Cluster Security System Di Kerta Dalem Sidakarya Denpasar SelatanLT: 110 ,LB: 130 ,KT: 3 ,KM: 3 ,Rp. 1.8 miliar",110,130,3,3,1800000000.0
"Dijual rumah pulau galang pemecutan klod denpasar, bali (0000965)LT: 150 ,LB: 300 ,KT: 7 ,KM: 3 ,Rp. 2 miliar",150,300,7,3,2000000000.0
"Dijual rumah pulau galang pemecutan klod denpasar, bali (0000964)LT: 120 ,LB: 200 ,KT: 4 ,KM: 2 ,Rp. 1.8 miliar",120,200,4,2,1800000000.0
"Dijual rumah sekar tunjung kesiman kertalangu denpasar, bali (0000207)LT: 100 ,LB: 170 ,KT: 4 ,KM: 3 ,Rp. 1.4 miliar",100,170,4,3,1400000000.0
"rumah mewah denpasar jln gatoto subroto timurLT: 1136 ,LB: 900 ,KT: 8 ,KM: 10 ,Rp. 14.75 miliar",1136,900,8,10,14750000000.0
"dijual rumah lantai 2 dijalan bikini teuku umar barat denpasar baliLT: 200 ,KT: 3 ,KM: 3 ,Rp. 2 miliar",1136,900,8,10,14750000000.0
"Harga promo Dijual rumah lantai 2 di Perum Citraland DenpasarLT: 112 ,LB: 127 ,KT: 3 ,KM: 2 ,",1136,900,8,10,14750000000.0
"Dijual / disewakan rumah kerta dalem sari sidakarya denpasar, baliLT: 150 ,LB: 450 ,KT: 5 ,KM: 5 ,Rp. 3 miliar",150,450,5,5,3000000000.0
"Dijual rumah dengan view sawah abadi lokasi di Sidhakarya, Denpasar SelatanLT: 250 ,LB: 350 ,KT: 5 ,KM: 4 ,Rp. 3.3 miliar",250,350,5,4,3300000000.0
"Taman Kbo Iwa Residens Kota DenpasarLT: 75 ,LB: 36 ,KT: 2 ,KM: 1 ,Rp. 600 juta",75,36,2,1,600000000.0
"rumah type 36/75 tukad buana padang sambian kaja denpasarLT: 75 ,LB: 36 ,KT: 2 ,KM: 1 ,Rp. 595 juta",75,36,2,1,595000000.0
"Taman Gunung Sari Kbo Iwa Utara DenpasarLT: 75 ,LB: 36 ,KT: 2 ,KM: 1 ,Rp. 597 juta",75,36,2,1,597000000.0
"Taman Palma Kbo Iwa Utara DenpasarLT: 75 ,LB: 36 ,KT: 2 ,KM: 1 ,Rp. 595 juta",75,36,2,1,595000000.0
"Rumah dekat jalan gunung catur gatsu barat denpasarLT: 225 ,LB: 200 ,KT: 4 ,KM: 2 ,Rp. 1.7 miliar",225,200,4,2,1700000000.0
"Rumah sederhana dekat citraland denpasarLT: 100 ,LB: 70 ,KT: 3 ,KM: 1 ,Rp. 875 juta",100,70,3,1,875000000.0
"rumah dan gudang halaman luas jalan cargo denpasarLT: 470 ,LB: 300 ,KT: 4 ,KM: 3 ,Rp. 4 miliar",470,300,4,3,4000000000.0
"Rumah murah di patih nambi denpasarLT: 200 ,LB: 150 ,KT: 4 ,KM: 1 ,Rp. 1.2 miliar",200,150,4,1,1200000000.0
"Rumah minimalis lantai 1 di Buana Raya Padangsambian DenpasarLT: 110 ,LB: 80 ,KT: 2 ,KM: 2 ,Rp. 800 juta",110,80,2,2,800000000.0
"dijual rumah lantai 2 area subak dalem gatsu tengah denpasarLT: 114 ,KT: 3 ,KM: 1 ,Rp. 900 juta",110,80,2,2,800000000.0
"dijual rumah lantai 3 full furnish area suwung denpasarLT: 200 ,LB: 320 ,KT: 4 ,KM: 4 ,Rp. 2.9 miliar",200,320,4,4,2900000000.0
"dijual rumah lantai 2 dijalan gunung soputan padangsambian denpasarLT: 72 ,LB: 120 ,KT: 3 ,KM: 2 ,Rp. 775 juta",72,120,3,2,775000000.0
"dijual rumah lantaiu 2 diarea jalan tukad badung denpasarLT: 145 ,LB: 125 ,KT: 3 ,KM: 2 ,Rp. 2.2 miliar",145,125,3,2,2200000000.0
"dijual rumah cantik siap huni area cekomaria denpasarLT: 200 ,KT: 3 ,KM: 2 ,Rp. 1.1 miliar",145,125,3,2,2200000000.0
"Rumah Daerah Denpasar UtaraLT: 300 ,LB: 152 ,KT: 4 ,KM: 2 ,Rp. 1.2 miliar",300,152,4,2,1200000000.0
"Rumah lantai 2 di kawasan tukad balian renon denpasar selatan dkt sidakaryaLT: 101 ,LB: 110 ,KT: 3 ,KM: 3 ,Rp. 1.4 miliar",101,110,3,3,1400000000.0
"Rumah di kawasan elite teras ayung gatsu barat dkt ubung kesiman denpasarLT: 756 ,LB: 600 ,KT: 5 ,KM: 4 ,Rp. 12 miliar",756,600,5,4,12000000000.0
"Rumah baru di jalan tukad batanghari # panjer # renon denpasar selatanLT: 230 ,LB: 150 ,KT: 3 ,KM: 4 ,Rp. 2.7 miliar",230,150,3,4,2700000000.0
"Dijual Rumah 1 Lantai Luas Tanah 137 m2 Di Tukad Badung Renon Denpasar BaliLT: 137 ,LB: 110 ,KT: 3 ,KM: 2 ,Rp. 1.7 miliar",137,110,3,2,1700000000.0
"Dijual Rumah Luxury di Teras Ayung Residence Denpasar Gatsu TimurLT: 1387 ,LB: 1000 ,KT: 6 ,KM: 4 ,Rp. 17 miliar",1387,1000,6,4,17000000000.0
"Rumah Baru Cantik Di Imam Bonjol DenpasarLT: 130 ,LB: 175 ,KT: 3 ,KM: 4 ,Rp. 2.5 miliar",130,175,3,4,2500000000.0
"Jual rumah minimalis sidakarya denpasar LT 100 m2LT: 100 ,LB: 145 ,KT: 3 ,KM: 2 ,Rp. 1.55 miliar",100,145,3,2,1550000000.0
"Rumah cluster lingkungan elit citraland denpasar bali dkt gatot subrotoLT: 112 ,LB: 125 ,KT: 3 ,KM: 3 ,Rp. 2.25 miliar",112,125,3,3,2250000000.0
"Rumah Minimalis Di Jalan Buana Raya Dekat Mahendradata,imam Bonjol DenpasarLT: 109 ,LB: 60 ,KT: 3 ,KM: 2 ,Rp. 799 juta",109,60,3,2,799000000.0
"Dijual rumah minimalis lokasi Sidhakarya, Denpasar SelatanLT: 100 ,LB: 145 ,KT: 3 ,KM: 2 ,Rp. 1.55 miliar",100,145,3,2,1550000000.0
"Dijual Rumah Murah Luas Tanah 284 m2 Di Sidakarya Denpasar SelatanLT: 284 ,LB: 250 ,KT: 3 ,KM: 3 ,Rp. 1.8 miliar",284,250,3,3,1800000000.0
"Rumah second tipe 60/100 m2 - pemogan, denpasarLT: 100 ,LB: 60 ,KT: 3 ,KM: 1 ,Rp. 750 juta",100,60,3,1,750000000.0
"Rumah di jl. Keboiwa denpasarLT: 100 ,LB: 60 ,KT: 2 ,KM: 1 ,Rp. 675 juta",100,60,2,1,675000000.0
"Rumah luas 8,65 are di jl. Mudutaki, denpasarLT: 865 ,LB: 430 ,KT: 5 ,KM: 6 ,Rp. 6.8 miliar",865,430,5,6,6800000000.0
"Rumah minimalis di Kota DenpasarLT: 100 ,LB: 60 ,KT: 2 ,KM: 1 ,Rp. 675 juta",100,60,2,1,675000000.0
"Rumah Strategis MarlboroTeuku Umar Barat DenpasarLT: 90 ,LB: 170 ,KT: 3 ,KM: 2 ,Rp. 975 juta",90,170,3,2,975000000.0
"Di jual rumah luas tnh 200 m2 di jl buana raya padang sambian Denpasar BaliLT: 200 ,LB: 80 ,KT: 2 ,KM: 2 ,Rp. 1.15 miliar",200,80,2,2,1150000000.0
Dijual Rumah Siap Huni di Denpasar Lokasi Strategis P0938Rp. 1.5 miliar,200,80,2,2,1150000000.0
"Dijual rukos tegal wangi sesetan denpasar, bali (0000407)LT: 300 ,LB: 180 ,KT: 7 ,KM: 7 ,Rp. 2 miliar",300,180,7,7,2000000000.0
"Rumah GATSU BARAT Gunung Andakasa  Kota Denpasar Dkt  Ke Dalung,KerobokanLT: 90 ,LB: 50 ,KT: 3 ,KM: 1 ,Rp. 725 juta",90,50,3,1,725000000.0
"Rumah di jln buana raya denpasar dkt mahendradata ,imbo,kuta baliLT: 100 ,LB: 120 ,KT: 3 ,KM: 4 ,Rp. 1.1 miliar",100,120,3,4,1100000000.0
"Rumah minimalis dekat kampus ngurah rai denpasar timurLT: 100 ,LB: 150 ,KT: 3 ,KM: 1 ,Rp. 1 miliar",100,150,3,1,1000000000.0
"Rumah lantai 2 tegal wangi sesetan denpasar / sanglah pesanggaranLT: 360 ,LB: 450 ,KT: 6 ,KM: 5 ,Rp. 3.5 miliar",360,450,6,5,3500000000.0
"rumah murah cluster lantai 2 tukad badung renon denpasar dkt panjer sanglahLT: 100 ,LB: 120 ,KT: 3 ,KM: 2 ,Rp. 1.6 miliar",100,120,3,2,1600000000.0
"Hunian Exclusive di Denpasar dkt Sunset road / Sanur / Tol  Bali MandaraLT: 119 ,LB: 230 ,KT: 3 ,KM: 3 ,Rp. 2.85 miliar",119,230,3,3,2850000000.0
"Di jual rumah lantai II full furnished di perumahan Mekar Pamogan DenpasarLT: 100 ,LB: 100 ,KT: 3 ,KM: 2 ,Rp. 1.25 miliar",100,100,3,2,1250000000.0
"Dijual Rumah Minimalis di Pulau Galang (Denpasar-Bali)LT: 120 ,LB: 200 ,KT: 5 ,KM: 2 ,Rp. 1.8 miliar",120,200,5,2,1800000000.0
"Dijual Rumah Cantik Minimalis di Jln.Pulau Galang (Denpasar Bali)LT: 155 ,LB: 300 ,KT: 7 ,KM: 3 ,Rp. 2 miliar",155,300,7,3,2000000000.0
"Dijual rumah marlboro pemecutan klod denpasar, bali (0000884)LT: 87 ,LB: 160 ,KT: 4 ,KM: 3 ,Rp. 1.35 miliar",87,160,4,3,1350000000.0
"Dijual Rumah di Jl Kertha Petasikan II Sidakarya Denpasar BaliLT: 500 ,LB: 264 ,KT: 4 ,KM: 3 ,Rp. 3.6 miliar",500,264,4,3,3600000000.0
"Dijual rumah siap huni di DenpasarLT: 62 ,LB: 45 ,KT: 2 ,KM: 1 ,Rp. 525 juta",62,45,2,1,525000000.0
"Rumah minimalis siap huni Sidakarya denpasarLT: 75 ,LB: 45 ,KT: 2 ,KM: 1 ,Rp. 775 juta",75,45,2,1,775000000.0
"Rumah 2 Lantai Jalan Pulau serangan sanglah denpasarLT: 95 ,LB: 150 ,KT: 3 ,KM: 3 ,Rp. 1.1 miliar",95,150,3,3,1100000000.0
"Rumah 130m2 Pemogan denpasar selatanLT: 130 ,LB: 80 ,KT: 3 ,KM: 1 ,Rp. 1.1 miliar",130,80,3,1,1100000000.0
"Dijual / Disewakan rumah tegal dukuh padangsambian kaja denpasar, bali (0000101)LT: 100 ,LB: 142 ,KT: 4 ,KM: 3 ,Rp. 1.6 miliar",100,142,4,3,1600000000.0
"Rumah second minimalis lantai 2 penatih denpasarLT: 100 ,LB: 125 ,KT: 4 ,KM: 2 ,Rp. 850 juta",100,125,4,2,850000000.0
"Rumah mewah sekali di imam bonjol pusat kota denpasar baliLT: 350 ,LB: 750 ,KT: 4 ,KM: 3 ,Rp. 10 miliar",350,750,4,3,10000000000.0
"Rumah Minimalis Lantai 2 Lokasi Gatsu Barat Denpasar Dkt Ke Keroboakn,KutaLT: 96 ,LB: 125 ,KT: 4 ,KM: 2 ,Rp. 1.25 miliar",96,125,4,2,1250000000.0
"Rumah Murah Denpasar Selatan Palapa Sesetan Dkt Renon Sanur Sidakarya PanjeLT: 82 ,LB: 60 ,KT: 2 ,KM: 1 ,Rp. 975 juta",82,60,2,1,975000000.0
"GATSU denpasar barat one gate sistem PERUMAHAN 7 UNIT di penamparanLT: 70 ,LB: 60 ,KT: 2 ,KM: 2 ,Rp. 975 juta",70,60,2,2,975000000.0
"GATSU denpasar barat one gate sistem PERUMAHAN 7 UNIT di penamparanLT: 70 ,LB: 60 ,KT: 2 ,KM: 2 ,Rp. 975 juta",70,60,2,2,975000000.0
"GATSU denpasar barat one gate sistem PERUMAHAN 7 UNIT di penamparanLT: 70 ,LB: 60 ,KT: 2 ,KM: 2 ,Rp. 975 juta",70,60,2,2,975000000.0
"GATSU denpasar barat one gate sistem PERUMAHAN 7 UNIT di penamparanLT: 70 ,LB: 60 ,KT: 2 ,KM: 2 ,Rp. 975 juta",70,60,2,2,975000000.0
"GATSU denpasar barat one gate sistem PERUMAHAN 7 UNIT di penamparan   InfoLT: 70 ,LB: 60 ,KT: 2 ,KM: 2 ,Rp. 975 juta",70,60,2,2,975000000.0
"GATSU denpasar barat one gate sistem PERUMAHAN 7 UNIT di penamparanLT: 70 ,LB: 60 ,KT: 2 ,KM: 2 ,Rp. 975 juta",70,60,2,2,975000000.0
"Rumah lantai 1 halaman luas di renon denpasarLT: 766 ,LB: 300 ,KT: 5 ,KM: 5 ,Rp. 5.5 miliar",766,300,5,5,5500000000.0
"Rumah 2 Lantai Jalan Pulau serangan sanglah denpasarLT: 95 ,LB: 120 ,KT: 3 ,KM: 3 ,Rp. 1.1 miliar",95,120,3,3,1100000000.0
"Rumah di sanur kauh denpasar bali dkt jalan by pass ngurah rai renonLT: 500 ,LB: 400 ,KT: 4 ,KM: 4 ,Rp. 6 miliar",500,400,4,4,6000000000.0
"Rumah cantik 3 lantai di Rose Garden Sesetan,denpasar, A3LT: 119 ,LB: 230 ,KT: 3 ,KM: 3 ,Rp. 2.85 miliar",119,230,3,3,2850000000.0
"Rumah cantik 3 lantai di Rose Garden Sesetan,denpasar, A2LT: 119 ,LB: 230 ,KT: 3 ,KM: 3 ,Rp. 2.85 miliar",119,230,3,3,2850000000.0
"Rumah cantik 3 lantai di Rose Garden Sesetan,denpasar, A1LT: 119 ,LB: 230 ,KT: 3 ,KM: 3 ,Rp. 2.85 miliar",119,230,3,3,2850000000.0
"Etnic Modern dan Nyaman di Buana Raya Denpasar.LT: 200 ,LB: 160 ,KT: 4 ,KM: 2 ,Rp. 2.3 miliar",200,160,4,2,2300000000.0
"Rumah minimalis 2lt Gatsu barat Denpasar-Bali,LT: 200 ,LB: 300 ,KT: 5 ,KM: 5 ,Rp. 1.5 miliar",200,300,5,5,1500000000.0
"Dijual rumah glogor carik pemogan denpasar, bali (0001668)LT: 110 ,LB: 110 ,KT: 3 ,KM: 2 ,Rp. 2.5 miliar",110,110,3,2,2500000000.0
"Rumah luas,fasilitas lengkap di denpasar barat,dkt mahendradata / cargoLT: 1420 ,LB: 700 ,KT: 5 ,KM: 6 ,Rp. 14 miliar",1420,700,5,6,14000000000.0
"Rumah Bagus Di Pucuk Bang Denpasar Timur # Padang Galak Ketewel Sanur RenonLT: 250 ,LB: 335 ,KT: 4 ,KM: 3 ,Rp. 2.2 miliar",250,335,4,3,2200000000.0
"Rumah Besar Luas 10 Are Mewah Seperti Villa Di Renon Denpasar Dkat Ke SanurLT: 1000 ,LB: 600 ,KT: 4 ,KM: 4 ,Rp. 12 miliar",1000,600,4,4,12000000000.0
"Rumah Baru dan Murah di Kuta Palace Residence, Kuta, Badung, Denpasar, BaliLT: 140 ,LB: 176 ,KT: 3 ,KM: 3 ,Rp. 2.5 miliar",140,176,3,3,2500000000.0
"Rumah lantai 2 di Tukad Balian Renon Denpasar BaliLT: 130 ,LB: 120 ,KT: 3 ,KM: 3 ,Rp. 1.3 miliar",130,120,3,3,1300000000.0
"Rumah Mewah Di Area Jln Bajataki Denpasar Dkt Ke Kerobokan,Muding,Canggu BaLT: 410 ,LB: 685 ,KT: 7 ,KM: 7 ,Rp. 5.5 miliar",410,685,7,7,5500000000.0
"Perumahan Citraland Denpasar BaratLT: 112 ,LB: 100 ,KT: 3 ,KM: 3 ,Rp. 1.97 miliar",112,100,3,3,1970000000.0
"Rumah siap Huni Jalan Palapa Sidakarya DenpasarLT: 120 ,LB: 60 ,KT: 3 ,KM: 2 ,Rp. 775 juta",120,60,3,2,775000000.0
"Rumah Baru Siap Huni 47/70 Tukad Badung DenpasarLT: 70 ,LB: 47 ,KT: 2 ,KM: 1 ,Rp. 760 juta",70,47,2,1,760000000.0
"Rumah minimalis lingkungan aman dekat citraland denpasarLT: 100 ,LB: 70 ,KT: 1 ,KM: 2 ,Rp. 750 juta",100,70,1,2,750000000.0
"Rumah 2 Lantai Di Perum Sekar Antasura Denpasar BaliLT: 150 ,LB: 180 ,KT: 3 ,KM: 2 ,Rp. 1.6 miliar",150,180,3,2,1600000000.0
"Di jual rumah mewah kawasan elite di perum citraland denpasarLT: 171 ,LB: 191 ,KT: 4 ,KM: 3 ,Rp. 3.9 miliar",171,191,4,3,3900000000.0
"Di jual rumah pemukiman elite cluster citraland DenpasarLT: 171 ,LB: 218 ,KT: 5 ,KM: 4 ,Rp. 3.7 miliar",171,218,5,4,3700000000.0
"Dijual Rumah Tukad Asahan Panjer DenpasarLT: 140 ,LB: 185 ,KT: 4 ,KM: 3 ,Rp. 2.9 miliar",140,185,4,3,2900000000.0
"Rumah Strategis Pusat Kota Area Premium Kota DenpasarLT: 120 ,LB: 90 ,KT: 3 ,KM: 2 ,Rp. 2 miliar",120,90,3,2,2000000000.0
"Rumah Cluster Halaman Luas Ada Space Kolam Renang Di Sidekarya DenpasarLT: 130 ,LB: 120 ,KT: 2 ,KM: 2 ,Rp. 1.55 miliar",130,120,2,2,1550000000.0
"Rymah Minimalis Di Gatsu Tengah Bedahulu DenpasarLT: 120 ,LB: 70 ,KT: 3 ,KM: 1 ,Rp. 750 juta",120,70,3,1,750000000.0
"Rumah Murah Baru di Padang Sambian Denpasar BaratLT: 120 ,LB: 100 ,KT: 3 ,KM: 2 ,Rp. 1.4 miliar",120,100,3,2,1400000000.0
"Rumah Murah Di Jln Kaswari Padma Penatih Denpasar Dkt Ke Gatsu timurLT: 60 ,LB: 36 ,KT: 2 ,KM: 1 ,Rp. 495 juta",60,36,2,1,495000000.0
"Rumah Dijual Di Denpasar Bali, Dekat Dengan Bandara I Gusti Ngurah RaiRp. 1.7 miliar",60,36,2,1,495000000.0
"Rumah mewah lt. 2 di Jl.  Tukad Badung,  renon,  DenpasarLT: 151 ,LB: 150 ,KT: 4 ,KM: 3 ,Rp. 2.25 miliar",151,150,4,3,2250000000.0
"Rumah Murah di Denpasar MinimalisLT: 70 ,LB: 36 ,KT: 2 ,KM: 1 ,Rp. 585 juta",70,36,2,1,585000000.0
"Rumah Murah di Denpasar Harga PromoLT: 70 ,LB: 36 ,KT: 2 ,KM: 1 ,Rp. 585 juta",70,36,2,1,585000000.0
"Rumah Ellite  Di Renon Denpasar Bali Dkt Ke Renon P)laza,Sanur BaliLT: 160 ,LB: 280 ,KT: 3 ,KM: 3 ,Rp. 4.5 miliar",160,280,3,3,4500000000.0
"Rumah lantai 2 di jl tangkubanprahu pasangsambian kerobokan Badung DenpasarLT: 125 ,LB: 110 ,KT: 3 ,KM: 2 ,Rp. 1.35 miliar",125,110,3,2,1350000000.0
"Rumah dekat kampus posisi hoek denpasar timurLT: 200 ,LB: 250 ,KT: 4 ,KM: 3 ,Rp. 1.2 miliar",200,250,4,3,1200000000.0
"Dijual Rumah Di Noja Kesiman Denpasar BaliLT: 256 ,LB: 289 ,KT: 6 ,KM: 4 ,Rp. 3 miliar",256,289,6,4,3000000000.0
"Rumah minimalis modern di kawasan cargo denpasar tipe 100/110LT: 100 ,LB: 110 ,KT: 3 ,KM: 2 ,Rp. 1.27 miliar",100,110,3,2,1270000000.0
"Unit terbatas !!! Dipasarkan rumah villa sejuk on progres @ denpasar baliLT: 322 ,LB: 350 ,KT: 4 ,KM: 4 ,Rp. 8.3 miliar",322,350,4,4,8300000000.000001
"Rumah Di Gatsu Barat Cargo Denpasar Dkt Citra Land Dkt Ke Kerobokan,DllLT: 120 ,LB: 200 ,KT: 3 ,KM: 2 ,Rp. 2 miliar",120,200,3,2,2000000000.0
"Dijual Rumah 2 Lantai di Denpasar Bali MurahLT: 332 ,LB: 400 ,KT: 7 ,KM: 5 ,Rp. 2.5 miliar",332,400,7,5,2500000000.0
"Rumah 2 Lantai Type 184/103 Pulau Moyo denpasar selatanLT: 103 ,LB: 180 ,KT: 4 ,KM: 3 ,Rp. 1.6 miliar",103,180,4,3,1600000000.0
"Rumah Baru Dan Megah  Carport 2 Mobil Di Tukad Badung Renon Kota DenpasarLT: 174 ,LB: 160 ,KT: 4 ,KM: 5 ,Rp. 3.8 miliar",174,160,4,5,3800000000.0
"Rumah 2 Lantai Tukad Badung Renon Denpasar BaliLT: 96 ,LB: 130 ,KT: 3 ,KM: 2 ,Rp. 1.6 miliar",96,130,3,2,1600000000.0
"Rumah di ubung denpasar utara bali lingkungan perumahanLT: 70 ,LB: 70 ,KT: 1 ,KM: 1 ,Rp. 450 juta",70,70,1,1,450000000.0
"Jual Rumah murah Shm di Cokroaminoto Denpasar BaratLT: 300 ,LB: 450 ,KT: 5 ,KM: 4 ,Rp. 4.36 miliar",300,450,5,4,4360000000.0
"Perumahan Murah di Denpasar Area SiulanLT: 70 ,LB: 36 ,KT: 2 ,KM: 1 ,Rp. 585 juta",70,36,2,1,585000000.0
"Rumah Lantai 2 Di Renon Denpasar, Luas Tanah 156 MÃÂ²LT: 156 ,LB: 180 ,KT: 3 ,KM: 4 ,Rp. 3.2 miliar",156,180,3,4,3200000000.0
"Rumah Baru Lantai 2 Di Sanur Denpasar, Luas Tanah 100 MÃÂ²LT: 100 ,LB: 130 ,KT: 2 ,KM: 3 ,Rp. 1.6 miliar",100,130,2,3,1600000000.0
"Rumah 2 Lantai Di Renon Denpasar, Luas tanah 300 MÃÂ²LT: 300 ,LB: 330 ,KT: 4 ,KM: 3 ,Rp. 5.3 miliar",300,330,4,3,5300000000.0
"Pondok Emas Depan Bajra Santhi Renon Denpasar.LT: 850 ,KT: 6 ,KM: 3 ,Rp. 35 miliar",300,330,4,3,5300000000.0
"Rumah Rasa resort @ Denpasar ,with Pool,Harga Menarik Murahny,Lokasi SuperLT: 325 ,LB: 300 ,KT: 4 ,KM: 4 ,Rp. 6 miliar",325,300,4,4,6000000000.0
"Rumah Mewah Teras Ayung Denpasar # Renon Gatsu Sanur KutaLT: 560 ,LB: 364 ,KT: 5 ,KM: 5 ,Rp. 9 miliar",560,364,5,5,9000000000.0
"Dijual rumah murah area tukad badung renon pusat kota DenpasarLT: 200 ,LB: 380 ,KT: 4 ,KM: 2 ,Rp. 2.5 miliar",200,380,4,2,2500000000.0
"Dijual Rumah Pemogan Denpasar Luas 1 AreLT: 100 ,LB: 180 ,KT: 4 ,KM: 3 ,Rp. 1.35 miliar",100,180,4,3,1350000000.0
"Rumah minimalis cluster di kawasan gunung agung, mahendrata Denpasar baliLT: 145 ,LB: 150 ,KT: 3 ,KM: 3 ,Rp. 2.25 miliar",145,150,3,3,2250000000.0
"Rumah sederhana dekat teuku umar barat denpasarLT: 100 ,LB: 80 ,KT: 3 ,KM: 1 ,Rp. 800 juta",100,80,3,1,800000000.0
"Rumah Di  Buluh Indah Denpasar Barat Dkt Ke Mahendradata,Muding,KerobokanLT: 135 ,LB: 100 ,KT: 4 ,KM: 1 ,Rp. 850 juta",135,100,4,1,850000000.0
"Rumah Murah Jalan Palapa Sidakarya DenpasarLT: 68 ,LB: 50 ,KT: 2 ,KM: 1 ,Rp. 525 juta",68,50,2,1,525000000.0
"Rumah Baru Siap huni 50/83 jalan tunjung tutur denpasarLT: 83 ,LB: 50 ,KT: 2 ,KM: 1 ,Rp. 675 juta",83,50,2,1,675000000.0
"rumah minimalis modern seluas 2 are di Trengguli DenpasarLT: 200 ,LB: 130 ,KT: 4 ,KM: 2 ,Rp. 1.65 miliar",200,130,4,2,1650000000.0
"Jual Rumah Besar Dan Mewah Di Renon Kawasan Elite Pusat Kota Denpasar BaliLT: 400 ,LB: 300 ,KT: 6 ,KM: 5 ,Rp. 15.5 miliar",400,300,6,5,15500000000.0
"Rumah dan gudang di ahmad yani utara denpasarLT: 500 ,LB: 300 ,KT: 2 ,KM: 3 ,Rp. 4.3 miliar",500,300,2,3,4300000000.0
"Rumah villa di Renon , Tukad Badung DenpasarLT: 125 ,LB: 180 ,KT: 3 ,KM: 3 ,Rp. 2.4 miliar",125,180,3,3,2400000000.0
"Rumah lingkungan elit M yamin renon denpasarLT: 300 ,LB: 250 ,KT: 4 ,KM: 3 ,Rp. 4.8 miliar",300,250,4,3,4800000000.0
"Rumah Second siap Huni Jalan Palapa Sidakarya DenpasarLT: 120 ,LB: 60 ,KT: 3 ,KM: 2 ,Rp. 775 juta",120,60,3,2,775000000.0
"Rumah 150m2 jalan Buluh Indah DenpasarLT: 150 ,LB: 89 ,KT: 3 ,KM: 2 ,Rp. 900 juta",150,89,3,2,900000000.0
"Dijual Rumah Minimalis lokasi di Jalan Tukad Batanghari Panjer DenpasarLT: 100 ,LB: 130 ,KT: 3 ,KM: 3 ,Rp. 1.4 miliar",100,130,3,3,1400000000.0
"Jual rumah dekat RS Bali med denpasar LT 112 m2LT: 112 ,LB: 140 ,KT: 3 ,KM: 3 ,Rp. 2.2 miliar",112,140,3,3,2200000000.0
"Dijual rumah istimewa daerah denpasar ibu kotaLT: 330 ,LB: 260 ,KT: 5 ,KM: 4 ,Rp. 4.25 miliar",330,260,5,4,4250000000.0
"Rumah lantai 1 di perumahan nuansa hijau timur ubung denpasar baratLT: 110 ,LB: 65 ,KT: 3 ,KM: 2 ,Rp. 850 juta",110,65,3,2,850000000.0
"Rumah lingkungan tenang dan aman Imam Bonjol denpasarLT: 300 ,LB: 550 ,KT: 4 ,KM: 3 ,Rp. 9 miliar",300,550,4,3,9000000000.0
"Rumah Siap Huni Jalan Mahendradata Dekat RS. Balimed denpasarLT: 100 ,LB: 70 ,KT: 3 ,KM: 1 ,Rp. 925 juta",100,70,3,1,925000000.0
"Rumah Baru 2 Lantai Sidakarya Denpasar BaliLT: 130 ,LB: 150 ,KT: 3 ,KM: 3 ,Rp. 1.55 miliar",130,150,3,3,1550000000.0
"rumah siap huni kbo iwa denpasarLT: 70 ,LB: 40 ,KT: 2 ,KM: 1 ,Rp. 625 juta",70,40,2,1,625000000.0
"Rumah dijual di Gunung Andakasa Penamparan Denpasar (200m2)LT: 200 ,LB: 120 ,KT: 3 ,KM: 2 ,Rp. 1.45 miliar",200,120,3,2,1450000000.0
"Rumah Di Jln Dewata  Sidekarya , Denpasar Selatan Dkt Ke Sesetan,Sanur BaliLT: 100 ,LB: 145 ,KT: 3 ,KM: 2 ,Rp. 1.35 miliar",100,145,3,2,1350000000.0
"Rumah Minimalis Di Dekat SMKI Batubulan Dekat Ke DenpasarLT: 75 ,LB: 45 ,KT: 2 ,KM: 1 ,Rp. 500 juta",75,45,2,1,500000000.0
"Rumah Di Celuk Batubulan Dekat Ke Denpasar Dan By Pass IB Mantra,LT: 90 ,LB: 50 ,KT: 3 ,KM: 1 ,Rp. 650 juta",90,50,3,1,650000000.0
"Rumah Murah Di Batubulan Dkt Denpasar,By Pass IB MantraLT: 60 ,LB: 45 ,KT: 2 ,KM: 1 ,Rp. 480 juta",60,45,2,1,480000000.0
"Rumah Murah Di Batubulan Dkt Ke DenpasarLT: 75 ,LB: 45 ,KT: 2 ,KM: 1 ,Rp. 555 juta",75,45,2,1,555000000.0
"Jual Rumah Bagus di Marlboro pemecutan klod denpasar baratLT: 130 ,LB: 74 ,KT: 3 ,KM: 2 ,Rp. 1.5 miliar",130,74,3,2,1500000000.0
"Dijual Murah Rumah Luas Semi Villa Dalam Perumahan Elite Kota Denpasar BaliLT: 1400 ,LB: 400 ,KT: 5 ,KM: 5 ,Rp. 10 miliar",1400,400,5,5,10000000000.0
"Jual Rumah hitung tanah super murah renon denpasarLT: 250 ,LB: 200 ,KT: 4 ,KM: 2 ,Rp. 1.65 miliar",250,200,4,2,1650000000.0
"Rumah kokoh dan menawan di sanur denpasar bali style villaLT: 400 ,LB: 600 ,KT: 5 ,KM: 5 ,Rp. 7 miliar",400,600,5,5,7000000000.0
"Rumah kawasan mahendradata denpasar BALI dkt gatsu,teuku umar,buana rayaLT: 200 ,LB: 139 ,KT: 4 ,KM: 4 ,Rp. 2 miliar",200,139,4,4,2000000000.0
"Di Jual Cepat Rumah 2 Bedrooms Di Perum Prima Graha Denpasar BaliLT: 100 ,LB: 80 ,KT: 2 ,KM: 1 ,Rp. 1 miliar",100,80,2,1,1000000000.0
"Rumah villa + kolam renang tukad balian renon # sanur denpasarLT: 200 ,LB: 380 ,KT: 3 ,KM: 4 ,Rp. 3.5 miliar",200,380,3,4,3500000000.0
"Jual rumah sesetan denpasar LT 120 m2LT: 120 ,LB: 110 ,KT: 2 ,KM: 2 ,Rp. 1.2 miliar",120,110,2,2,1200000000.0
"Jual rumah renon denpasar murah LT 113 m2LT: 118 ,LB: 120 ,KT: 2 ,KM: 2 ,Rp. 1.35 miliar",118,120,2,2,1350000000.0
"Di Jual Rumah 4 Bedrooms Di Perum Prima Graha Denpasar BaliLT: 120 ,LB: 200 ,KT: 4 ,KM: 2 ,Rp. 2.5 miliar",120,200,4,2,2500000000.0
"Dijual Murah Rumah mewah lokasi Denpasar-BaliLT: 200 ,LB: 380 ,KT: 4 ,KM: 3 ,Rp. 2.8 miliar",200,380,4,3,2800000000.0
"Rumah Di Muding  Kerobokan Dkt Denpasar,Canggu,Kuta BaliLT: 100 ,LB: 120 ,KT: 3 ,KM: 4 ,Rp. 1.5 miliar",100,120,3,4,1500000000.0
"Rumah Gatsu Timur DenpasarLT: 285 ,LB: 440 ,KT: 5 ,KM: 5 ,Rp. 2.7 miliar",285,440,5,5,2700000000.0
"Rumah Di Jln Trenggana Penatih,Dkt Ke Gatsu Timur DenpasarLT: 120 ,LB: 70 ,KT: 3 ,KM: 2 ,Rp. 725 juta",120,70,3,2,725000000.0
"Rumah Di Jln ukad Pancoran Residen Dekat Batanghari Panjer Denpasar BaliLT: 103 ,LB: 110 ,KT: 3 ,KM: 3 ,Rp. 1.9 miliar",103,110,3,3,1900000000.0
"Rumah Mewah Luas Di Jln Ahmad Yani DenpasarLT: 532 ,LB: 317 ,KT: 8 ,KM: 4 ,Rp. 3 miliar",532,317,8,4,3000000000.0
"umah Cantik Lantai 2 Di Jln Pesanggaran Denpasar  Dkt Tol,Sanur,Kuta BaliLT: 88 ,LB: 120 ,KT: 3 ,KM: 2 ,Rp. 1.3 miliar",88,120,3,2,1300000000.0
"Ruma cantik sesetan denpasar selatanLT: 88 ,LB: 120 ,KT: 2 ,KM: 2 ,Rp. 1.3 miliar",88,120,2,2,1300000000.0
"Rumah Baru 2 Lantai jalan Pulau Bungin Denpasar selatanLT: 104 ,LB: 80 ,KT: 3 ,KM: 2 ,Rp. 1.3 miliar",104,80,3,2,1300000000.0
"Dijual Rumah Apik di Siulan DenpasarLT: 150 ,LB: 180 ,KT: 3 ,KM: 3 ,Rp. 1.6 miliar",150,180,3,3,1600000000.0
"Dijual Rumah Classic Modern Style di Pusat Kota DenpasarLT: 140 ,LB: 185 ,KT: 4 ,KM: 3 ,Rp. 2.9 miliar",140,185,4,3,2900000000.0
"Di jual rumah style villa di denpasarLT: 285 ,LB: 270 ,KT: 3 ,KM: 5 ,Rp. 4.7 miliar",285,270,3,5,4700000000.0
"rumah di kawasan elite citraland cargo gatsu denpasarLT: 128 ,LB: 148 ,KT: 4 ,KM: 5 ,Rp. 2.7 miliar",128,148,4,5,2700000000.0
"Rumah Lantai 2 dijual 940 juta saja gatsu barat dekat KFC poltabes DenpasarLT: 108 ,LB: 150 ,KT: 4 ,KM: 2 ,Rp. 940 juta",108,150,4,2,940000000.0
"rumah cantik jalan bakung tohpati denpasar timur jalan one gate pavingLT: 100 ,LB: 70 ,KT: 3 ,KM: 3 ,Rp. 795 juta",100,70,3,3,795000000.0
"Rumah di kerthalangu , kesiman , denpasar timur ( LT 250 m2 )LT: 250 ,LB: 335 ,KT: 4 ,KM: 3 ,Rp. 2.2 miliar",250,335,4,3,2200000000.0
"Rumah Minimalis Di Padang Sambian Padang Lestari Denpasar BaratLT: 92 ,LB: 50 ,KT: 3 ,KM: 1 ,Rp. 650 juta",92,50,3,1,650000000.0
"RUMAH Konsep VILLA Mewah Di Siulan , Penatih - Denpasar TimurLT: 118 ,LB: 152 ,KT: 3 ,KM: 3 ,Rp. 1.2 miliar",118,152,3,3,1200000000.0
"Rumah Miinimalis Dekat Kota Denpasar ,Dekat Ke GatsuLT: 150 ,LB: 110 ,KT: 3 ,KM: 2 ,Rp. 990 juta",150,110,3,2,990000000.0
"Rumah Renon Denpasar Dekat Ke Sidakarya,Seseta,Sanur BaliLT: 151 ,LB: 150 ,KT: 4 ,KM: 4 ,Rp. 2.4 miliar",151,150,4,4,2400000000.0
"Rumah Lantai 2 Baru Di Sasish Batubulan ,Dkt Ke Denpasar,By Pass Sanur BaliLT: 75 ,LB: 70 ,KT: 3 ,KM: 2 ,Rp. 800 juta",75,70,3,2,800000000.0
"Rumah Lantai 2 Di  Sesetan Denpasar,Dkt Ke Sanglah,Panjer,renon,SidakaryaLT: 111 ,LB: 100 ,KT: 4 ,KM: 3 ,Rp. 1.25 miliar",111,100,4,3,1250000000.0
"Rumah Murah Jalan Siulan Denpasar Dkt Ke Gatsu,Sanur BaliLT: 65 ,LB: 90 ,KT: 3 ,KM: 2 ,Rp. 650 juta",65,90,3,2,650000000.0
"Rumah Style Eropa DI Noja DenpasarLT: 256 ,LB: 289 ,KT: 5 ,KM: 3 ,Rp. 3 miliar",256,289,5,3,3000000000.0
"rumah baru minimalis modern di jln pendidikan, sidekarya, sesetan, denpasarLT: 100 ,LB: 100 ,KT: 3 ,KM: 3 ,Rp. 1.25 miliar",100,100,3,3,1250000000.0
"Jual rumah dekat jalan Mahendradatta Denpasar LT 104 m2LT: 104 ,LB: 70 ,KT: 3 ,KM: 1 ,Rp. 875 juta",104,70,3,1,875000000.0
"Rumah 150m2 jalan tunjung sari denpasar BaliLT: 150 ,LB: 120 ,KT: 3 ,KM: 2 ,Rp. 950 juta",150,120,3,2,950000000.0
"Jual rumah monang maning denpasar LT 200 m2LT: 200 ,LB: 150 ,KT: 3 ,KM: 2 ,Rp. 2.2 miliar",200,150,3,2,2200000000.0
"Rumah cluster Imam Bonjol Denpasar dekat Nakula Sunset Road KutaLT: 500 ,LB: 431 ,KT: 4 ,KM: 5 ,Rp. 8.5 miliar",500,431,4,5,8500000000.0
"Rumah Baru Lantai 2 Di Batubulan Dekat Ke Denpasar,Sanur,IB Mantra,DllLT: 65 ,LB: 90 ,KT: 3 ,KM: 2 ,Rp. 675 juta",65,90,3,2,675000000.0
"Rumah Baru Di Batuyang Batubulan,Dekat Ke Denpasar,Sanur,IB MantraLT: 90 ,LB: 50 ,KT: 3 ,KM: 1 ,Rp. 690 juta",90,50,3,1,690000000.0
"Rumah Murah Di Batuyang Batubulan,Dekat Ke Denpasar,IB Mantra,Guwang,SanurLT: 80 ,LB: 45 ,KT: 3 ,KM: 1 ,Rp. 580 juta",80,45,3,1,580000000.0
"Rumah jl. Tukad melangit, gg ii/5, panjer, denpasar selatan baliLT: 300 ,LB: 10 ,KT: 4 ,KM: 5 ,Rp. 4 miliar",300,10,4,5,4000000000.0
"Rumah lantai 2 sekar tunjung Gatsu DenpasarLT: 100 ,LB: 180 ,KT: 4 ,KM: 3 ,Rp. 1.65 miliar",100,180,4,3,1650000000.0
"Rumah style bali Ayani ubung peguyangan Gatsu DenpasarLT: 150 ,KT: 4 ,KM: 3 ,Rp. 1.4 miliar",100,180,4,3,1650000000.0
"Dijual rumah lantai 2 lokasi aman one gate system security 24 jam DenpasarLT: 164 ,LB: 180 ,KT: 3 ,KM: 3 ,Rp. 2.8 miliar",164,180,3,3,2800000000.0
"Rumah  Di Jln Ahmad Yani Denpasar,Dekat Ke Lumintang,Gatsu,Sading,PuspemLT: 150 ,LB: 120 ,KT: 4 ,KM: 3 ,Rp. 1.5 miliar",150,120,4,3,1500000000.0
"Jual Rumah DenpasarLT: 130 ,LB: 180 ,KT: 3 ,KM: 3 ,Rp. 1.6 miliar",130,180,3,3,1600000000.0
"Rumah Baru Di Batubulan Dkt Ke Denpasar,Penatih,Sanur,By Pass IB Mantra,DllLT: 75 ,LB: 45 ,KT: 2 ,KM: 1 ,Rp. 570 juta",75,45,2,1,570000000.0
"Butuh !! Rumah 2 lantai  di sayap teuku umar - pusat kota denpasarLT: 249 ,LB: 200 ,KT: 5 ,KM: 4 ,Rp. 2.89 miliar",249,200,5,4,2890000000.0
"dijual murah rumah 2 lantai di Denpasar BaliLT: 60 ,LB: 120 ,KT: 3 ,KM: 1 ,Rp. 475 juta",60,120,3,1,475000000.0
"Rumah Cluster minimalis Full furnish di Renon,Denpasar baliLT: 160 ,LB: 260 ,KT: 3 ,KM: 3 ,Rp. 4.5 miliar",160,260,3,3,4500000000.0
"Rumah cntik keluarga lantai 2 dekat ke seminyak / denpasar / bali kiddyLT: 120 ,LB: 140 ,KT: 3 ,KM: 2 ,Rp. 2.7 miliar",120,140,3,2,2700000000.0
"Aset Pribadi Dijual Rumah Minimalis Modern Di Kota DenpasarLT: 284 ,LB: 250 ,KT: 3 ,KM: 4 ,Rp. 1.8 miliar",284,250,3,4,1800000000.0
"Rumah lantai 2 jalan tukad badung renon denpasar # Sanur panjer sesetanLT: 150 ,LB: 147 ,KT: 3 ,KM: 4 ,Rp. 2.5 miliar",150,147,3,4,2500000000.0
"Rumah Murah di Denpasar BaliLT: 300 ,LB: 192 ,KT: 3 ,KM: 3 ,Rp. 5.2 miliar",300,192,3,3,5200000000.0
"Rumah Mewah Dan Megah Renon Denpasar Dekat Sanur, Sesetan, Tol Nusa DuaLT: 1000 ,LB: 650 ,KT: 6 ,KM: 7 ,Rp. 10 miliar",1000,650,6,7,10000000000.0
"Dijual murah rumah dekat Gatsu Barat DenpasarLT: 200 ,LB: 70 ,KT: 3 ,KM: 1 ,Rp. 1 miliar",200,70,3,1,1000000000.0
"Rumah mahendradata padang sambian denpasar bali dkt teuku umar buluh indahLT: 100 ,LB: 80 ,KT: 3 ,KM: 1 ,Rp. 1 miliar",100,80,3,1,1000000000.0
"Rumah ada pool di tukad badung renon denpasar bali butuh terjual cepatLT: 400 ,LB: 450 ,KT: 3 ,KM: 4 ,Rp. 5.5 miliar",400,450,3,4,5500000000.0
"Rumah mewah lokasi premium di jl Badak Agung Renon DenpasarLT: 320 ,LB: 290 ,KT: 4 ,KM: 6 ,Rp. 5.5 miliar",320,290,4,6,5500000000.0
"Rumah Lantai 2 Marlboro pura demak Teuku Umar denpasarLT: 87 ,LB: 160 ,KT: 4 ,KM: 4 ,Rp. 1.35 miliar",87,160,4,4,1350000000.0
"rumah baru marlboro Mahendradata dkt gunung soputan Teuku Umar DenpasarLT: 160 ,LB: 210 ,KT: 6 ,KM: 4 ,Rp. 2.4 miliar",160,210,6,4,2400000000.0
"Rumah Baru Style Villa Kawasan Elite Tukad Badung Renon Denpasar BaliLT: 390 ,LB: 250 ,KT: 4 ,KM: 4 ,Rp. 4.6 miliar",390,250,4,4,4600000000.0
"Rumah mewah muding batu bidak kerobokan Gatsu denpasarLT: 225 ,LB: 250 ,KT: 3 ,KM: 3 ,Rp. 3.3 miliar",225,250,3,3,3300000000.0
"Rumah lantai 2 strategis istimewa ada pool/kolamnya di pusat kota denpasarLT: 230 ,LB: 250 ,KT: 4 ,KM: 4 ,Rp. 2.5 miliar",230,250,4,4,2500000000.0
"Rumah Exclusive Di Jalan Badak Agung Renon Denpasar Dekat Ke Sanur BaliLT: 320 ,LB: 290 ,KT: 4 ,KM: 6 ,Rp. 5.5 miliar",320,290,4,6,5500000000.0
"rumah di tukad pakerisan panjer denpasarLT: 300 ,LB: 350 ,KT: 5 ,KM: 4 ,Rp. 3.1 miliar",300,350,5,4,3100000000.0
"Rumah Baru minimalis lokasi Elite Segitiga emas Renon,DenpasarLT: 229 ,LB: 326 ,KT: 3 ,KM: 3 ,Rp. 4.5 miliar",229,326,3,3,4500000000.0
"Rumah Baru Minimalis Di Cekomaria Kopertis Denpasar Dkt Batubulan,GatsuLT: 86 ,LB: 55 ,KT: 3 ,KM: 1 ,Rp. 625 juta",86,55,3,1,625000000.0
"Rumah Lantai 2 Tanpa DP Di Sesetan Kota Denpasar Dekat Ke Sanlah,Panjer,TolLT: 50 ,LB: 50 ,KT: 2 ,KM: 1 ,Rp. 650 juta",50,50,2,1,650000000.0
"Rumah Baru Halaman Luas Ada Space Kolam Renang Di Renon Denpasar BaliLT: 390 ,LB: 250 ,KT: 4 ,KM: 5 ,Rp. 4.6 miliar",390,250,4,5,4600000000.0
"Rumah lantai 2 cluster Gatsu denpasar # nangka bedahulu kenyeri sekar tunjuLT: 120 ,LB: 120 ,KT: 3 ,KM: 3 ,Rp. 1.8 miliar",120,120,3,3,1800000000.0
"rumah mewah halaman luas sekar tunjung Gatsu timur dkt teras ayung DenpasarLT: 1392 ,LB: 600 ,KT: 5 ,KM: 5 ,Rp. 10 miliar",1392,600,5,5,10000000000.0
"rumah lantai 2 jalan trengguli Gatsu Timur denpasar dekat sekar tunjungLT: 250 ,LB: 200 ,KT: 5 ,KM: 5 ,Rp. 3 miliar",250,200,5,5,3000000000.0
"Rumah cluster lantai 2 Mahendradata DenpasarLT: 101 ,LB: 100 ,KT: 3 ,KM: 2 ,Rp. 1.4 miliar",101,100,3,2,1400000000.0
"Rumah siap huni Kbo Iwa Padang Sambian Kaja DenpasarLT: 74 ,LB: 40 ,KT: 2 ,KM: 1 ,Rp. 625 juta",74,40,2,1,625000000.0
"rumah mewah gatsu barat denpasarLT: 1136 ,LB: 900 ,KT: 10 ,KM: 10 ,Rp. 14 miliar",1136,900,10,10,14000000000.0
"Rumah kawasan elit Denpasar Bali dekat Kerobokan, Gatsu,LT: 247 ,LB: 180 ,KT: 5 ,KM: 4 ,Rp. 2.5 miliar",247,180,5,4,2500000000.0
"Rumah minimalis 2lt Denpasar dekat Mahendradatta, Teuku UmarLT: 100 ,LB: 120 ,KT: 3 ,KM: 4 ,Rp. 1.1 miliar",100,120,3,4,1100000000.0
"Rumah 700 jutaan di penatih denpasarLT: 61 ,LB: 65 ,KT: 3 ,KM: 3 ,Rp. 750 juta",61,65,3,3,750000000.0
"Rumah 2 lantai 500jt di denpasarLT: 55 ,LB: 50 ,KT: 2 ,KM: 2 ,Rp. 550 juta",55,50,2,2,550000000.0
"Rumah mewah kokoh dikawasan sanur denpasar bali dkt by pss ngurah rai renonLT: 500 ,LB: 400 ,KT: 4 ,KM: 5 ,Rp. 6 miliar",500,400,4,5,6000000000.0
"rumah lantai kawasan elite tukad pakerisan panjer denpasar dkt ke renonLT: 300 ,LB: 300 ,KT: 5 ,KM: 5 ,Rp. 3.25 miliar",300,300,5,5,3250000000.0
"Rumah 300m2 Kebo Iwa Utara Denpasar BaliLT: 300 ,LB: 150 ,KT: 3 ,KM: 2 ,Rp. 1.9 miliar",300,150,3,2,1900000000.0
"MURAH Rumah Citraland DenpasarLT: 112 ,LB: 127 ,KT: 3 ,KM: 2 ,Rp. 2.25 miliar",112,127,3,2,2250000000.0
"Rumah Tipe 36/70 Area DenpasarLT: 70 ,LB: 36 ,KT: 2 ,KM: 1 ,Rp. 560 juta",70,36,2,1,560000000.0
"Dijual rumah minimalis lokasi di Pedungan Denpasar SelatanLT: 100 ,LB: 200 ,KT: 3 ,KM: 4 ,Rp. 1 miliar",100,200,3,4,1000000000.0
"Rumah Mewah 550m2 Lokasi PremiUm Pusat Kota Denpasar Di RenOnLT: 550 ,LB: 450 ,KT: 5 ,KM: 4 ,Rp. 9 miliar",550,450,5,4,9000000000.0
"RumAh 3,2 Are GatSu TengAh bedAhuLu LiNgkUngAn ELiT fAvOriT di DenpasArLT: 320 ,LB: 250 ,KT: 4 ,KM: 3 ,",550,450,5,4,9000000000.0
"Jual rumah tukad citarum denpasar 98 m2LT: 98 ,LB: 135 ,KT: 3 ,KM: 3 ,Rp. 1.3 miliar",98,135,3,3,1300000000.0
"Jual rumah sidakarya denpasar LT 284 m2LT: 284 ,LB: 250 ,KT: 4 ,KM: 4 ,Rp. 1.8 miliar",284,250,4,4,1800000000.0
"Rumah Murah Denpasar Type 45/100 seharga 698 jtLT: 100 ,LB: 45 ,KT: 2 ,KM: 1 ,Rp. 715 juta",100,45,2,1,715000000.0
"Jual murah Langsung 1paket 3 aset di denpasar timur bali ShmLT: 100 ,LB: 130 ,KT: 4 ,KM: 3 ,Rp. 3.79 miliar",100,130,4,3,3790000000.0
"Rumah di Sidakarya Denpasar Dekat SanurLT: 284 ,LB: 225 ,KT: 3 ,KM: 3 ,Rp. 1.8 miliar",284,225,3,3,1800000000.0
"Rumah Elite Besar Mewah Luas Dan Strategis di Jalan Raya Renon DenpasarLT: 560 ,LB: 450 ,KT: 6 ,KM: 4 ,Rp. 12.5 miliar",560,450,6,4,12500000000.0
"Jual rumah sidakarya denpasar LT 83 m2LT: 83 ,LB: 65 ,KT: 3 ,KM: 1 ,Rp. 800 juta",83,65,3,1,800000000.0
"Rumah Mewah 550m2, Lokasi Prime RenOn Denpasar Di RenOn, DenpasarLT: 550 ,LB: 450 ,KT: 6 ,KM: 4 ,Rp. 8.5 miliar",550,450,6,4,8500000000.0
"Rumah M urah Denpasar Siulan Bisa di cicilLT: 65 ,LB: 36 ,KT: 2 ,KM: 1 ,Rp. 570 juta",65,36,2,1,570000000.0
"Dijual Rumah 1,5M Renon DenpasarLT: 96 ,LB: 140 ,KT: 3 ,KM: 2 ,Rp. 1.5 miliar",96,140,3,2,1500000000.0
"Dijual Rumah 900juta Di Pusat Kota DenpasarLT: 93 ,LB: 93 ,KT: 2 ,KM: 1 ,Rp. 900 juta",93,93,2,1,900000000.0
"Rumah lantai II +poll  di kawasan perumahan jl kenyeri Gatsu timur DenpasarLT: 230 ,LB: 250 ,KT: 4 ,KM: 4 ,Rp. 2.5 miliar",230,250,4,4,2500000000.0
"Rumah style batavia di Kesiman - Denpasar timur ( LT 250m2 )LT: 250 ,LB: 160 ,KT: 3 ,KM: 2 ,Rp. 2.9 miliar",250,160,3,2,2900000000.0
"rumah murah di pemogan denpasar dkt pedungan sesetan glogor carikLT: 100 ,LB: 50 ,KT: 2 ,KM: 1 ,Rp. 725 juta",100,50,2,1,725000000.0
"Taman Anggrek Residence Kesiman DenpasarLT: 50 ,LB: 60 ,KT: 2 ,KM: 1 ,Rp. 590 juta",50,60,2,1,590000000.0
"rumah elite graha dewata biaung kesiman kerta langu denpasar baliLT: 107 ,LB: 135 ,KT: 4 ,KM: 3 ,Rp. 1.34 miliar",107,135,4,3,1340000000.0
"Rumah Di Jln Tukad Citarum Denpasar Dekat Ke Sidakarya,Sesetan,Sanur BaliLT: 98 ,LB: 135 ,KT: 3 ,KM: 3 ,Rp. 1.3 miliar",98,135,3,3,1300000000.0
"Rumah Bisa KPR murah Dekat DenpasarLT: 100 ,LB: 45 ,KT: 2 ,KM: 1 ,Rp. 530 juta",100,45,2,1,530000000.0
"Taman Nuansa Tjampuhan Bali Type 45 Book 5 Juta 15 Menit dari DenpasarLT: 100 ,LB: 45 ,KT: 2 ,KM: 1 ,Rp. 450 juta",100,45,2,1,450000000.0
"DenpasarLT: 164 ,LB: 200 ,KT: 4 ,KM: 2 ,Rp. 980 juta",164,200,4,2,980000000.0
"Hunian Inden Murah Banget di Penarungan Badung, dekat DenpasarLT: 100 ,LB: 45 ,KT: 2 ,KM: 1 ,Rp. 530 juta",100,45,2,1,530000000.0
"Rumah Di Gatsu Tengah DenpasarLT: 154 ,LB: 150 ,KT: 3 ,KM: 1 ,Rp. 1.5 miliar",154,150,3,1,1500000000.0
"Rumah Cluster dekat Trans Studio Imam Bonjol DenpasarLT: 107 ,LB: 160 ,KT: 4 ,KM: 4 ,Rp. 2.4 miliar",107,160,4,4,2400000000.0
"Rumah Tukad Badung Renon DenpasarLT: 100 ,LB: 130 ,KT: 3 ,KM: 2 ,Rp. 1.6 miliar",100,130,3,2,1600000000.0
"Rumah Baru Cluster Kebo Iwa Utara denpasarLT: 110 ,LB: 122 ,KT: 4 ,KM: 3 ,Rp. 1.55 miliar",110,122,4,3,1550000000.0
"Rumah Di Jln Imam Bonjol Denpasar Dkt Trans StudioLT: 130 ,LB: 60 ,KT: 2 ,KM: 1 ,Rp. 990 juta",130,60,2,1,990000000.0
"Rumah mewah style Eropa di Gatsu,Denpasar barat,dkt kerobokanLT: 402 ,LB: 685 ,KT: 6 ,KM: 5 ,Rp. 7 miliar",402,685,6,5,7000000000.0
"Rumah mewah lantai 2 ,lingkungan cluster one gate di Sanur , DenpasarLT: 500 ,LB: 400 ,KT: 4 ,KM: 4 ,Rp. 6 miliar",500,400,4,4,6000000000.0
"rumah style bali renon denpasar dkt hayam wuruk art center kesiman Dewi Madri sanurLT: 520 ,LB: 300 ,KT: 5 ,KM: 3 ,Rp. 6 miliar",520,300,5,3,6000000000.0
"Rumah kawasan gunung soputan gunung athena kunti 2 denpasar baliLT: 72 ,LB: 120 ,KT: 3 ,KM: 2 ,Rp. 775 juta",72,120,3,2,775000000.0
"Dijual rumah dipusat kota denpasarLT: 143 ,LB: 131 ,KT: 4 ,KM: 2 ,Rp. 2 miliar",143,131,4,2,2000000000.0
"Rumah classic dekat Lumintang , Denpasar ( luas tanah 250m2 )LT: 250 ,LB: 450 ,KT: 4 ,KM: 2 ,Rp. 2.7 miliar",250,450,4,2,2700000000.0
"Rumah Murah Di Padangsambian Denpasar Barat Dekat KerobokanLT: 100 ,KT: 3 ,KM: 1 ,Rp. 775 juta",250,450,4,2,2700000000.0
"Rumah Murah Strategis Di Sedap Malam Dekat Sanur / Pusat Kota DenpasarLT: 114 ,LB: 67 ,KT: 3 ,KM: 1 ,Rp. 925 juta",114,67,3,1,925000000.0
"Jual rumah renon denpasar LT 150 m2LT: 150 ,LB: 145 ,KT: 3 ,KM: 3 ,Rp. 2.55 miliar",150,145,3,3,2550000000.0
"Rumah siap huni kebo iwa utara denpasarLT: 100 ,LB: 60 ,KT: 2 ,KM: 1 ,Rp. 670 juta",100,60,2,1,670000000.0
"Rumah 150m2 jalan tunjung sari denpasar BaliLT: 150 ,LB: 120 ,KT: 3 ,KM: 2 ,Rp. 950 juta",150,120,3,2,950000000.0
"Rumah baru lantai 2 kebo iwa selatan gatsu barat padang sambian denpasarLT: 190 ,LB: 140 ,KT: 3 ,KM: 3 ,Rp. 2.5 miliar",190,140,3,3,2500000000.0
"Rumah di gunung catur gatsu barat , DenpasarLT: 180 ,LB: 125 ,KT: 3 ,KM: 2 ,Rp. 1.85 miliar",180,125,3,2,1850000000.0
"(Rumah) siap di bangun siulan denpasar dekat Gg pacahLT: 90 ,LB: 45 ,KT: 2 ,KM: 1 ,Rp. 685 juta",90,45,2,1,685000000.0
"Dijual Rumah Modern Minimalis Unfurnish 3 BR di Kerthadalem Denpasar SelataLT: 110 ,LB: 100 ,KT: 3 ,KM: 3 ,Rp. 1.9 miliar",110,100,3,3,1900000000.0
"Harga 725 jt (Rumah )siap bangun di siulan denpasar/nathan villaLT: 90 ,LB: 60 ,KT: 2 ,KM: 1 ,Rp. 725 juta",90,60,2,1,725000000.0
"SISA 2 unit rumah di pusat kota denpasar/pulau moyoLT: 100 ,LB: 60 ,KT: 3 ,KM: 1 ,Rp. 899 juta",100,60,3,1,899000000.0
"Rumah Minimalis Baru Di Jln Trenggana Penatih DenpasarLT: 105 ,LB: 60 ,KT: 3 ,KM: 2 ,Rp. 650 juta",105,60,3,2,650000000.0
"Rumah Lantai 2 Di Jln Suli Kota DenpasarLT: 360 ,LB: 360 ,KT: 6 ,KM: 4 ,Rp. 4.5 miliar",360,360,6,4,4500000000.0
"Rumah Murah Di Gianyar Buruan Dkt Ke By Pass DenpasarLT: 62 ,LB: 36 ,KT: 2 ,KM: 1 ,Rp. 295 juta",62,36,2,1,295000000.0
"Rumah lantai 2 kembang kepah Gatsu timur denpasarLT: 264 ,LB: 200 ,KT: 4 ,KM: 4 ,Rp. 3.1 miliar",264,200,4,4,3100000000.0
"Rumah Denpasar SelatanLT: 300 ,LB: 260 ,KT: 5 ,KM: 5 ,Rp. 2.2 miliar",300,260,5,5,2200000000.0
"Dijual Rumah Unfurnish 3 Br di Gunung Catur Denpasar BaratLT: 120 ,LB: 100 ,KT: 3 ,KM: 2 ,Rp. 1.65 miliar",120,100,3,2,1650000000.0
"Murah rumah tukad badung renon denpasar dkt sanglah sanurLT: 300 ,LB: 300 ,KT: 4 ,KM: 2 ,Rp. 3.5 miliar",300,300,4,2,3500000000.0
"Rumah Lantai 2 Jln Sidakarya Denpasar  Dekat Ke Panjer Renon Sanur BaliLT: 100 ,LB: 140 ,KT: 3 ,KM: 2 ,Rp. 1.45 miliar",100,140,3,2,1450000000.0
"Rumah di kebo iwa selatan denpasar bali dkt gatsu buana raya kerobokanLT: 145 ,LB: 170 ,KT: 3 ,KM: 4 ,Rp. 2.7 miliar",145,170,3,4,2700000000.0
"Rumah Baru Gatsu timur Denpasar BaliLT: 100 ,LB: 65 ,KT: 3 ,KM: 2 ,Rp. 975 juta",100,65,3,2,975000000.0
"Rumah siap huni Jalan Kerta Dalem Sidakarya DenpasarLT: 98 ,LB: 65 ,KT: 3 ,KM: 1 ,Rp. 750 juta",98,65,3,1,750000000.0
"Rumah Lantai 2 Di Trenggana Penatih Denpasar Timur Dkt GatsuLT: 100 ,LB: 140 ,KT: 4 ,KM: 2 ,Rp. 850 juta",100,140,4,2,850000000.0
"Rumah seluas 1,5 are di Jl. Tukad balian, Renon, DenpasarLT: 150 ,LB: 120 ,KT: 3 ,KM: 2 ,Rp. 1.4 miliar",150,120,3,2,1400000000.0
"Dijual rumah baru style villa minimalis di tukad badung XVI renon denpasarLT: 390 ,LB: 250 ,KT: 4 ,KM: 5 ,Rp. 4.8 miliar",390,250,4,5,4800000000.0
"rumah strategis pusat bisnis gatot subroto denpasarLT: 500 ,LB: 700 ,KT: 4 ,KM: 3 ,Rp. 4.5 miliar",500,700,4,3,4500000000.0
"HOT DEAL Property Denpasar Timur Harga MurahLT: 70 ,LB: 36 ,KT: 2 ,KM: 1 ,Rp. 585 juta",70,36,2,1,585000000.0
"Krisna loka - siulan residence - denpasar 36 unitLT: 70 ,LB: 36 ,KT: 2 ,KM: 1 ,Rp. 585 juta",70,36,2,1,585000000.0
"Perumahan Murah Lokasi Denpasar cocok untuk InvestasiLT: 70 ,LB: 36 ,KT: 2 ,KM: 1 ,Rp. 585 juta",70,36,2,1,585000000.0
"Investasi menguntungkan Area DenpasarLT: 70 ,LB: 36 ,KT: 2 ,KM: 1 ,Rp. 585 juta",70,36,2,1,585000000.0
"Bangunan Hotel / Pondok Wisata Kawasan Denpasar Barat,Gatsu BaratLT: 900 ,LB: 350 ,KT: 27 ,KM: 27 ,Rp. 9.5 miliar",900,350,27,27,9500000000.0
"Rumah setyle viila di tukad yeh sungi,renon,denpasar,LT: 880 ,LB: 355 ,KT: 4 ,KM: 4 ,Rp. 11 miliar",880,355,4,4,11000000000.0
"Dijual Rumah Full Furnish 3 BR di Kerthadalem Denpasar SelatanLT: 110 ,LB: 130 ,KT: 3 ,KM: 3 ,Rp. 2.5 miliar",110,130,3,3,2500000000.0
"Dijual Rumah Modern 4 BR di Mahendrata DenpasarLT: 180 ,LB: 200 ,KT: 4 ,KM: 5 ,Rp. 2.5 miliar",180,200,4,5,2500000000.0
"Dijual Rumah 3 BR di  Padang Sambian DenpasarLT: 160 ,LB: 150 ,KT: 3 ,KM: 2 ,Rp. 2.25 miliar",160,150,3,2,2250000000.0
"Rumah 2 lantai cekomaria denpasar baliLT: 150 ,LB: 176 ,KT: 5 ,KM: 3 ,Rp. 1.3 miliar",150,176,5,3,1300000000.0
"Dijual Rumah Baru modern style lokasi di puputan renon DenpasarLT: 240 ,LB: 150 ,KT: 3 ,KM: 3 ,Rp. 3.95 miliar",240,150,3,3,3950000000.0
"Jual rumah dekat teuku umar barat denpasar LT 200 m2LT: 200 ,LB: 310 ,KT: 3 ,KM: 4 ,Rp. 2.8 miliar",200,310,3,4,2800000000.0
"Rumah Di Cargo Gatsu Barat Denpasar Dkt Ke Kerobokan BaliLT: 126 ,LB: 60 ,KT: 3 ,KM: 2 ,Rp. 975 juta",126,60,3,2,975000000.0
"Rumah Denpasar SidakaryaLT: 230 ,LB: 350 ,KT: 5 ,KM: 5 ,Rp. 2 miliar",230,350,5,5,2000000000.0
"Rumah Di Jln Cekomaria,Dkt Ke Siulan,Batubulan,Gatsu Denpasar BaliLT: 150 ,LB: 100 ,KT: 5 ,KM: 3 ,Rp. 675 juta",150,100,5,3,675000000.0
"Rumah Di Jalan Pemogan Denpasar ,Dekat Ke By Pass,Kuta BaliLT: 69 ,LB: 45 ,KT: 2 ,KM: 1 ,Rp. 650 juta",69,45,2,1,650000000.0
"Rumah 2 Lantai Jln Gunung Sari Denpasar Dekat Ke Trans Studio BaliLT: 70 ,LB: 140 ,KT: 3 ,KM: 2 ,Rp. 990 juta",70,140,3,2,990000000.0
"Rumah dijual di Perum Palapa, Sidakarya, Denpasar SelatanLT: 87 ,LB: 86 ,KT: 2 ,KM: 1 ,Rp. 650 juta",87,86,2,1,650000000.0
"Dijual Perumahan di Cekomaria, Denpasar UtaraLT: 50 ,LB: 36 ,KT: 2 ,KM: 1 ,Rp. 525 juta",50,36,2,1,525000000.0
"Rumah style Eropa, dijual di Noja, Denpasar Timur.LT: 256 ,LB: 289 ,KT: 4 ,KM: 3 ,Rp. 3 miliar",256,289,4,3,3000000000.0
"Rumah dijual di Cekomaria, Denpasar Utara, BaliLT: 152 ,LB: 300 ,KT: 4 ,KM: 2 ,Rp. 1.2 miliar",152,300,4,2,1200000000.0
"Rumah lantai 2 di jl noja Denpasar timur,dkt Gatsu,Sanur,tohpatiLT: 256 ,LB: 300 ,KT: 4 ,KM: 3 ,Rp. 3 miliar",256,300,4,3,3000000000.0
"Rumah lantai 2 di denpasar barat , jln gunung payungLT: 150 ,LB: 125 ,KT: 4 ,KM: 4 ,Rp. 2.4 miliar",150,125,4,4,2400000000.0
"Rumah lantai 2 style villa lokasi Padang Sambian Denpasar BaratLT: 150 ,KT: 4 ,KM: 4 ,Rp. 2.4 miliar",150,125,4,4,2400000000.0
"rumah lantai 2 cluster one gate kerta dalem denpasar dkt panjer renon sanurLT: 110 ,LB: 150 ,KT: 3 ,KM: 4 ,Rp. 1.95 miliar",110,150,3,4,1950000000.0
"Rumah Besar Dan Mewah Kota Denpasar Dekat Perbatasan Kerobokan Kuta UtaraLT: 1420 ,LB: 700 ,KT: 6 ,KM: 6 ,Rp. 13 miliar",1420,700,6,6,13000000000.0
"Rumah  bernuansa Villa di Mahendradata , Denpasar barat ( Luas 300m2 )LT: 300 ,LB: 280 ,KT: 4 ,KM: 4 ,Rp. 4.5 miliar",300,280,4,4,4500000000.0
"Rumah mewah Gatsu barat denpasar dkt Mahendradata  buluh indahLT: 402 ,LB: 685 ,KT: 6 ,KM: 5 ,Rp. 7 miliar",402,685,6,5,7000000000.0
"Rumah Besar Luas Dan Mewah Di Gatot Subroto Denpasar Dekat Ke KerobokanLT: 1420 ,LB: 700 ,KT: 5 ,KM: 5 ,Rp. 13 miliar",1420,700,5,5,13000000000.0
"Dijual Ruko 2 Lantai Siap Pakai Denpasar BaliLT: 660 ,LB: 450 ,KT: 3 ,KM: 3 ,Rp. 19 miliar",660,450,3,3,19000000000.0
"Kencana Nila Mansion , Tukad Balian -Renon  DENPASARLT: 140 ,LB: 130 ,KT: 4 ,KM: 4 ,Rp. 2.5 miliar",140,130,4,4,2500000000.0
"Jual rumah sanur denpasar LT 100 m2LT: 100 ,LB: 125 ,KT: 3 ,KM: 2 ,Rp. 1.6 miliar",100,125,3,2,1600000000.0
"Dijual Rumah lokasi Monang maning denpasar Kawasan Elite One Gate securityLT: 150 ,LB: 180 ,KT: 4 ,KM: 3 ,Rp. 1.9 miliar",150,180,4,3,1900000000.0
"rumah mewah lingkungan elite gatsu timur denpasarLT: 300 ,LB: 250 ,KT: 4 ,KM: 5 ,Rp. 3 miliar",300,250,4,5,3000000000.0
"Cluster one gate Hayam Wuruk Recident Denpasar # renon Gatsu Sanur KutaLT: 280 ,LB: 300 ,KT: 4 ,KM: 5 ,Rp. 6.5 miliar",280,300,4,5,6500000000.0
"Rumah lantai 2 tukad badung renon denpasar dekat panjerLT: 131 ,LB: 140 ,KT: 3 ,KM: 3 ,Rp. 1.85 miliar",131,140,3,3,1850000000.0
"Rumah akses jalan lebar dekat kawasan bisnis gatsu denpasarLT: 256 ,LB: 400 ,KT: 4 ,KM: 4 ,Rp. 3.8 miliar",256,400,4,4,3800000000.0
"Rumah di Tegal buah,Padang sambian,Denpasar baratLT: 100 ,LB: 80 ,KT: 3 ,KM: 1 ,Rp. 775 juta",100,80,3,1,775000000.0
"Dijual Rumah Citraland Denpasar Type DanburitLT: 110 ,LB: 128 ,KT: 3 ,KM: 3 ,Rp. 2.5 miliar",110,128,3,3,2500000000.0
"Jual rumah mewah Gatot Subroto Tengah Denpasar BaliLT: 600 ,LB: 750 ,KT: 5 ,KM: 7 ,Rp. 12 miliar",600,750,5,7,12000000000.0
"Rumah Di Kresna Denpasar DijualLT: 1038 ,Rp. 12.5 miliar",600,750,5,7,12000000000.0
"Rumah lantai 1 design minimalis di DenpasarLT: 100 ,LB: 60 ,KT: 3 ,KM: 2 ,Rp. 1.35 miliar",100,60,3,2,1350000000.0
"Rumah minimalis di Teuku umar Barat, denpasar - link ClusterLT: 100 ,LB: 134 ,KT: 4 ,KM: 3 ,Rp. 1.8 miliar",100,134,4,3,1800000000.0
"DIJUAL dan DISEWAKAN rumah di Sidakarya, DenpasarLT: 80 ,LB: 60 ,KT: 2 ,KM: 2 ,Rp. 975 juta",80,60,2,2,975000000.0
"Dijual rumah di daerah sidakarya, dekat renon, DenpasarLT: 105 ,LB: 85 ,KT: 3 ,KM: 3 ,Rp. 1 miliar",105,85,3,3,1000000000.0
"Rumah dan gudang ayani utara dkt gatsu jl nangka ubung denpasar baliLT: 500 ,LB: 300 ,KT: 2 ,KM: 2 ,Rp. 4.3 miliar",500,300,2,2,4300000000.0
"Rumah cluster minimalis 2 lantai di teuku umar barat denpasar baliLT: 105 ,LB: 150 ,KT: 3 ,KM: 2 ,Rp. 1.45 miliar",105,150,3,2,1450000000.0
"Rumah baru siap huni jalan tunjung tutur denpasarLT: 100 ,LB: 55 ,KT: 3 ,KM: 1 ,Rp. 715 juta",100,55,3,1,715000000.0
"Rumah 2 Lantai Mahendradata Denpasar BaliLT: 118 ,LB: 120 ,KT: 4 ,KM: 2 ,Rp. 850 juta",118,120,4,2,850000000.0
"Rumah Luas Besar Dan Mewah Di Gatot Subroto Denpasar Dkat Ke Kerobokan KutaLT: 1420 ,LB: 700 ,KT: 6 ,KM: 6 ,Rp. 12.5 miliar",1420,700,6,6,12500000000.0
"Rumah minimalis full furnish di tukad badung renon denpasar selatanLT: 283 ,LB: 280 ,KT: 4 ,KM: 3 ,Rp. 3.35 miliar",283,280,4,3,3350000000.0
"Rumah Besar dan Mewah di Denpasar BaliLT: 1420 ,LB: 700 ,KT: 5 ,KM: 6 ,Rp. 13 miliar",1420,700,5,6,13000000000.0
"Dijual Rumah 2 BR di P. Moyo Denpasar SelatanLT: 74 ,LB: 56 ,KT: 2 ,KM: 1 ,Rp. 595 juta",74,56,2,1,595000000.0
"Dijual Rumah 2 LT 3 BR Unfurnish di Gatsu Barat DenpasarLT: 107 ,LB: 107 ,KT: 3 ,KM: 4 ,Rp. 1.85 miliar",107,107,3,4,1850000000.0
"Rumah Baru 2 lantai jalan gunung andakasa penamparan denpasarLT: 90 ,LB: 90 ,KT: 3 ,KM: 2 ,Rp. 1 miliar",90,90,3,2,1000000000.0
"Rumah 2 lantai jalan akasia hayamwuruk denpasar BaliLT: 180 ,LB: 200 ,KT: 4 ,KM: 2 ,Rp. 1.27 miliar",180,200,4,2,1270000000.0
"Dijual rumah daerah Pedungan, Denpasar SelatanLT: 146 ,LB: 265 ,KT: 6 ,KM: 4 ,Rp. 1.8 miliar",146,265,6,4,1800000000.0
"Rumah murah di Denpasar timur dp bisa dicicilLT: 70 ,LB: 36 ,KT: 2 ,KM: 1 ,Rp. 585 juta",70,36,2,1,585000000.0
"Rumah murah di kota DenpasarLT: 70 ,LB: 36 ,KT: 2 ,KM: 1 ,Rp. 585 juta",70,36,2,1,585000000.0
"Rumah Di Jalan Aksia Denpasar Dkt Hayam WurukLT: 106 ,LB: 50 ,KT: 3 ,KM: 2 ,Rp. 900 juta",106,50,3,2,900000000.0
"umah Modern Minimalis Baru Di Batubulan,Dkt Ke Denpasar,IB Mantra,SanurLT: 70 ,LB: 45 ,KT: 2 ,KM: 2 ,Rp. 625 juta",70,45,2,2,625000000.0
"Di Jual Rumah 4 Bedrooms di Perumahan Pradasari Denpasar BaratLT: 100 ,LB: 120 ,KT: 4 ,KM: 3 ,Rp. 1.25 miliar",100,120,4,3,1250000000.0
"Dijual Rumah Luxury style Villa +Showroom di Imam Bonjol (Denpasar-Bali)LT: 1000 ,LB: 600 ,KT: 3 ,KM: 4 ,Rp. 11 miliar",1000,600,3,4,11000000000.0
"Rumah Villa di area tukad Balian Renon / sidekarya , Denpasar ( LT 350m2 )LT: 350 ,LB: 200 ,KT: 3 ,KM: 3 ,Rp. 3.4 miliar",350,200,3,3,3400000000.0
"Rumah lantai 2 di sidekarya Denpasar , dekar renon , sesetan  sanurLT: 100 ,LB: 145 ,KT: 3 ,KM: 2 ,Rp. 1.5 miliar",100,145,3,2,1500000000.0
"Rumah cluster di monang maning denpasar BALI,deket mahendradata,gatsuLT: 106 ,LB: 74 ,KT: 3 ,KM: 2 ,Rp. 1.25 miliar",106,74,3,2,1250000000.0
"Jual rumah denpasar utara LT 150 m2LT: 150 ,LB: 110 ,KT: 3 ,KM: 2 ,Rp. 1.05 miliar",150,110,3,2,1050000000.0
"Dijual Rumah Harga Murah di Gunung Salak Utara Pradasari Denpasar BaliLT: 135 ,LB: 200 ,KT: 3 ,KM: 4 ,Rp. 1.8 miliar",135,200,3,4,1800000000.0
"Rumah murah dikota denpasar, DP 15%LT: 70 ,LB: 36 ,KT: 2 ,KM: 1 ,Rp. 585 juta",70,36,2,1,585000000.0
"Rumah siap huni biaung denpasar timurLT: 80 ,LB: 45 ,KT: 2 ,KM: 1 ,Rp. 760 juta",80,45,2,1,760000000.0
"Rumah Baru Jalan Tukad Pancoran DenpasarLT: 100 ,LB: 65 ,KT: 3 ,KM: 2 ,Rp. 900 juta",100,65,3,2,900000000.0
"Jual rumah renon denpasar LT 390 m2LT: 390 ,LB: 250 ,KT: 4 ,KM: 5 ,Rp. 4.8 miliar",390,250,4,5,4800000000.0
"Rumah Cluster 3 Lantai Renon Denpasar Dekat Ke Sanur, Panjer, Sanglah, TolLT: 143 ,LB: 150 ,KT: 4 ,KM: 4 ,Rp. 3.5 miliar",143,150,4,4,3500000000.0
"Jual rumah Padang sambian Denpasar barat LT 60 m2LT: 60 ,LB: 60 ,KT: 2 ,KM: 2 ,Rp. 800 juta",60,60,2,2,800000000.0
