deskripsi,luas_tanah(m2),luas_bangunan(m2),jumlah_kamar,jumlah_WC
"new minimalis di jl.Tukad Badung / renon dkt batanghari , sanur , sesetanLT: 150 ,LB: 147 ,KT: 3 ,KM: 2 ,Rp. 2.4 miliar",150,147,3,2
"Rumah Minimalis Di Sading Sempidi #Puspem Badung Gandi School Ubung Kebo Iwa BringkitLT: 90 ,LB: 140 ,KT: 4 ,KM: 2 ,Rp. 950 juta",90,140,4,2
"Dijual Rumah di Darmasaba BadungLT: 112 ,LB: 112 ,KT: 4 ,KM: 2 ,Rp. 700 juta",112,112,4,2
"Rumah cantik Lantai 2 di Jalan Tukad Badung XX RenonLT: 145 ,LB: 125 ,KT: 3 ,KM: 2 ,Rp. 2.5 miliar",145,125,3,2
"Rumah Mewah Berlantai-2 Jimbaran Badung BaliLT: 115 ,LB: 100 ,KT: 3 ,KM: 3 ,Rp. 1.27 miliar",115,100,3,3
"Rumah Indent Type 55/105 M2 Ungasan Badung BaliLT: 105 ,LB: 55 ,KT: 3 ,KM: 1 ,Rp. 777 juta",105,55,3,1
"Rumah 2 lantai Gatsu barat belakang tiara Badung baliLT: 142 ,LB: 140 ,KT: 2 ,KM: 2 ,Rp. 1.8 miliar",142,140,2,2
"Rumah minimalis Buduk Badung BaliLT: 80 ,LB: 45 ,KT: 2 ,KM: 1 ,Rp. 550 juta",80,45,2,1
"Dijual rumah minimalis di Lukluk Badung BaliLT: 100 ,LB: 60 ,KT: 3 ,KM: 1 ,Rp. 625 juta",100,60,3,1
"Rumah lantai 2 cluster one gate di tukad badung renon denpasar selatanLT: 120 ,LB: 103 ,KT: 3 ,KM: 3 ,Rp. 1.7 miliar",120,103,3,3
"Rumah Baru Luas dan isi Kolam Renang di Tukad Badung RenonLT: 510 ,LB: 400 ,KT: 5 ,KM: 5 ,Rp. 7.2 miliar",510,400,5,5
"Rumah Dua Lantai Di Kerobokan Gunung Salak,Kuta Utara Badung-Bali.LT: 125 ,LB: 200 ,KT: 3 ,KM: 3 ,Rp. 1.8 miliar",125,200,3,3
"Rumah Cluster Di Tukad Badung Renon Dekat Sanur, Panjer, Sidakarya, SanglahLT: 120 ,LB: 103 ,KT: 3 ,KM: 3 ,Rp. 1.5 miliar",120,103,3,3
"Dijual KOs Elit di Kerobokan Badung Bali dkt ke Canggu,SeminyakLT: 300 ,LB: 500 ,KT: 10 ,KM: 10 ,Rp. 4.5 miliar",300,500,10,10
"Rumah Tukad Badung Renon Full Furnish Kawasan Rumah Mewah Denpasar SelatanLT: 200 ,LB: 240 ,KT: 5 ,KM: 3 ,Rp. 2.5 miliar",200,240,5,3
"Rumah Mewah Tukad Badung Renon Dkat Ke Panjer, Sanglah, Sesetan, Sanur, TolLT: 560 ,LB: 300 ,KT: 4 ,KM: 4 ,Rp. 9 miliar",560,300,4,4
"rumah minimalis jl tukad badung / renon dkt barito  panjer  sesetanLT: 120 ,LB: 110 ,KT: 3 ,KM: 3 ,Rp. 1.5 miliar",120,110,3,3
"Dijual rumah puri gading gading kencana jimbaran badung, bali (0001048)LT: 100 ,LB: 84 ,KT: 3 ,KM: 2 ,Rp. 1.9 miliar",100,84,3,2
"Dijual rumah tukad badung renon denpasar, bali (0001011)LT: 315 ,LB: 300 ,KT: 4 ,KM: 3 ,Rp. 3.5 miliar",315,300,4,3
"Rumah baru lantai 1 dikawasan tumbak bayuh mengwi badungLT: 80 ,LB: 45 ,KT: 2 ,KM: 1 ,Rp. 550 juta",80,45,2,1
"5 unit rumah baru abian base dalung badungLT: 75 ,LB: 47 ,KT: 3 ,KM: 1 ,Rp. 595 juta",75,47,3,1
"cluster permata 2 dalung kuta badung baliLT: 50 ,LB: 45 ,KT: 2 ,KM: 1 ,Rp. 495 juta",50,45,2,1
"Rumah dikawasan Renon jl Tukad Badung,dkt Sanur,sidakaryaLT: 250 ,LB: 240 ,KT: 5 ,KM: 4 ,Rp. 3.5 miliar",250,240,5,4
"Rumah Baru Di Jln Patih Nambi Ubung A Yani Denpasar Dkt Puspem BadungLT: 80 ,LB: 48 ,KT: 2 ,KM: 1 ,Rp. 600 juta",80,48,2,1
"Rumah Baru Di Dalung Kwanji Dekat Ke Puspem Badung BaliLT: 100 ,LB: 60 ,KT: 3 ,KM: 2 ,Rp. 765 juta",100,60,3,2
"Rumah Di Kwanji Dalung Badung Kuta Utara Dkt Ke Sading,Puspem,KerobokanLT: 128 ,LB: 125 ,KT: 4 ,KM: 2 ,Rp. 1.35 miliar",128,125,4,2
"Rumah cluster FULL FURNISH tukad badung renon / batanghari panjer sidakarya sanurLT: 120 ,LB: 103 ,KT: 3 ,KM: 3 ,Rp. 1.35 miliar",120,103,3,3
"Rumah Style Villa Di Tukad Badung Renon Dkt Yeh Aya Musi Batanghari PanjerLT: 500 ,LB: 350 ,KT: 7 ,KM: 7 ,Rp. 5.5 miliar",500,350,7,7
"Murah Rumah Cantik Dan Asri Di Tukad Badung Renon Dekat Batanghari Barito PanjerLT: 290 ,LB: 230 ,KT: 6 ,KM: 4 ,Rp. 2.8 miliar",290,230,6,4
"Rumah Cantik Di tukad badung Renon Dekat Panjer Batanghari Pakerisan Tukad Musi SLT: 200 ,LB: 300 ,KT: 4 ,KM: 3 ,Rp. 2.8 miliar",200,300,4,3
"Rumah Mewah SEMI FURNISH renon tukad badung / panjer sanur pemuda batanghari baritoLT: 200 ,LB: 300 ,KT: 7 ,KM: 4 ,Rp. 2.5 miliar",200,300,7,4
"Di jual rumahi kawasan wisatawan deket jln raya Canggu Badung BaliLT: 191 ,LB: 90 ,KT: 3 ,KM: 2 ,Rp. 1.3 miliar",191,90,3,2
"Dijual rumah stil minimalis full furnish di area tukad badung denpasarLT: 120 ,LB: 100 ,KT: 3 ,KM: 3 ,Rp. 1.6 miliar",120,100,3,3
"Rumah Mewah Kolam Renang Dan Halaman Luas Di Tukad Badung RenonLT: 560 ,LB: 300 ,KT: 5 ,KM: 5 ,Rp. 8.5 miliar",560,300,5,5
"Rumah mewah Tukad badung denpasar baliLT: 390 ,LB: 250 ,KT: 4 ,KM: 5 ,Rp. 4.8 miliar",390,250,4,5
"Rumah Baru Siap huni Tumbak bayuh Badung BaliLT: 78 ,LB: 46 ,KT: 2 ,KM: 1 ,Rp. 530 juta",78,46,2,1
"Jual Rumah kos Shm di Drupadi, Seminyak, Kuta, BadungLT: 220 ,LB: 200 ,KT: 12 ,KM: 12 ,Rp. 2.1 miliar",220,200,12,12
"Rumah Indent Type 55 Ungasan Badung BaliLT: 105 ,LB: 55 ,KT: 3 ,KM: 1 ,Rp. 777 juta",105,55,3,1
"Rumah Mewah DP Mudah berlantai-2 Ungasan Badung BaliLT: 115 ,LB: 100 ,KT: 3 ,KM: 3 ,Rp. 1.27 miliar",115,100,3,3
"Rumah dan tempat usaha di jl Tukad yeh Aya,dkt Renon,pakerisan,t badungLT: 250 ,LB: 400 ,KT: 4 ,KM: 3 ,Rp. 3.2 miliar",250,400,4,3
"Rumah mewah kawasan Renon,jl Tukad Badung,dkt Sanur,Barito,t balianLT: 900 ,LB: 1200 ,KT: 5 ,KM: 6 ,Rp. 11 miliar",900,1200,5,6
"Rumah Mewah Di Renon Tukad Badung Citarum O / Panjer Batanghari Sidakarya SanurLT: 880 ,LB: 1200 ,KT: 8 ,KM: 6 ,Rp. 11 miliar",880,1200,8,6
"Butuh Terjual Segera Tanah di jalan Tukad Badung Timur DenpasarLT: 540 ,Rp. 3.78 miliar",880,1200,8,6
"Rumah lantai 2 ada pool di Tukad Badung kawasan Renon,dkt Sanur,baritoLT: 125 ,LB: 180 ,KT: 3 ,KM: 3 ,Rp. 2.6 miliar",125,180,3,3
"rumah MURAH kerta dalem sidekarya / panjer sanur mertasari sesetan renon tukad badungLT: 100 ,LB: 200 ,KT: 3 ,KM: 2 ,Rp. 1.4 miliar",100,200,3,2
"Rumah tukad Badung Renon # barito batanghari panjer sanur sesetan GatsuLT: 412 ,LB: 400 ,KT: 4 ,KM: 4 ,Rp. 6 miliar",412,400,4,4
"Di jual rumah semi villa di jimbaran kuta selatan badung bali.LT: 160 ,LB: 120 ,KT: 2 ,KM: 2 ,Rp. 1.8 miliar",160,120,2,2
"Rumah style Villa with pool Tumbakbayuh - Pererenan. Badung.LT: 100 ,LB: 45 ,KT: 1 ,KM: 2 ,Rp. 900 juta",100,45,1,2
"Jual Rumah CIAMIK Jimbaran Uluwatu Badung Bangunan STRATEGIS Harga NEGOOLT: 1680 ,LB: 300 ,KT: 3 ,KM: 3 ,Rp. 5.65 miliar",1680,300,3,3
"Rumah lantai 2 di Tukad Badung Renon,dkt Barito,Batanghari,Sanur,sidakaryaLT: 150 ,LB: 147 ,KT: 3 ,KM: 3 ,Rp. 2.5 miliar",150,147,3,3
"Rumah di Tukad Badung one gate system dengan kolam renangLT: 106 ,LB: 150 ,KT: 3 ,KM: 3 ,Rp. 1.5 miliar",106,150,3,3
"Rumah BAGUS! kondisi kosongan siap huni Perum Griya Pecatu Yudhistira, BadungLT: 210 ,LB: 130 ,KT: 2 ,KM: 2 ,Rp. 2.1 miliar",210,130,2,2
"Rumah Cluster Tertata Rapi Di Batanghari Panjer Dkt Tukad Badung Renon PakeLT: 250 ,LB: 275 ,KT: 5 ,KM: 4 ,Rp. 3.2 miliar",250,275,5,4
"Rumah Minimalis Di Jln Perang Lukluk Dkt Puspem Badung BaliLT: 100 ,LB: 50 ,KT: 3 ,KM: 1 ,Rp. 599 juta",100,50,3,1
"Dijual / disewakan rumah siligita highland nusa dua benoa badung, baliLT: 117 ,LB: 250 ,KT: 4 ,KM: 6 ,Rp. 3.8 miliar",117,250,4,6
"Rumah mewah full furnish di tukad badung dkt citarum barito tukad yeh aya rLT: 200 ,LB: 300 ,KT: 6 ,KM: 3 ,Rp. 2.8 miliar",200,300,6,3
"rumah mewah tukad badung XI renon dekat barito batanghari pemudaLT: 500 ,LB: 350 ,KT: 5 ,KM: 7 ,Rp. 5.3 miliar",500,350,5,7
"rumah style villa halaman luas tukad badung renon dkt Pemuda Moh Yamin sanurLT: 510 ,LB: 400 ,KT: 6 ,KM: 7 ,Rp. 7 miliar",510,400,6,7
"Rumah style villa di perumahan dalung permai kerobokan kaja badungLT: 105 ,LB: 135 ,KT: 4 ,KM: 3 ,Rp. 1.55 miliar",105,135,4,3
"Rumah lantai 2 di lingkungan cluster tukad badung renon denpasarLT: 300 ,LB: 250 ,KT: 3 ,KM: 3 ,Rp. 5.5 miliar",300,250,3,3
